"Unidade Gestora / Conta Corrente";"Conta 721110101 (A)";"Contas 82114 (B)";"Contas 82115 (C)";"Diferença = (A) - (B) - (C) "
"999900";496815291357,04;318635272800,83;159560289171,91;18619729384,3
"   1.5.00.100.0.000000";215210307505,41;108490082675,5;110103589225,45;-3383364395,54
"   1.5.00.100.1.000001";0;0;1693,54;-1693,54
"   1.5.00.100.1.002017";0;0;87213311,43;-87213311,43
"   1.5.00.100.1.007017";0;0;7848;-7848
"   1.5.00.100.1.007526";0;24655036,74;0;-24655036,74
"   1.5.00.100.1.047928";11630,61;20584906,4;11630,61;-20584906,4
"   1.5.00.100.1.202342";16986644,06;16986644,06;0;0
"   1.5.00.100.1.705582";0;129726,3;0;-129726,3
"   1.5.00.100.1.990025";0;0;5760200;-5760200
"   1.5.00.100.2.003953";10123,43;0;10123,43;0
"   1.5.00.100.2.003954";62736,96;0;62736,96;0
"   1.5.00.100.2.003967";17488,08;0;17488,08;0
"   1.5.00.100.2.003970";571348,48;0;553446,44;17902,04
"   1.5.00.100.2.004179";163,2;0;0;163,2
"   1.5.00.100.2.004202";27678,19;0;0;27678,19
"   1.5.00.100.2.004254";136066,04;0;0;136066,04
"   1.5.00.100.2.004528";14996,6;0;0;14996,6
"   1.5.00.100.2.004529";10320,95;0;0;10320,95
"   1.5.00.100.2.004530";28887,56;0;0;28887,56
"   1.5.00.100.2.004612";4042,13;0;0;4042,13
"   1.5.00.100.2.004700";323,45;0;0;323,45
"   1.5.00.100.2.004840";116,28;0;0;116,28
"   1.5.00.100.2.004841";241922,97;0;0;241922,97
"   1.5.00.100.2.004844";1148,77;0;0;1148,77
"   1.5.00.100.2.004961";82919,67;0;0;82919,67
"   1.5.00.100.2.005003";518805,88;0;0;518805,88
"   1.5.00.100.2.005016";144000;0;0;144000
"   1.5.00.100.2.005041";298155,38;0;149077,69;149077,69
"   1.5.00.100.2.005049";105;0;105;0
"   1.5.00.100.2.005109";969271,17;0;0;969271,17
"   1.5.00.100.2.005126";19009;0;0;19009
"   1.5.00.100.2.005475";7636,52;0;0;7636,52
"   1.5.00.100.2.005545";34130;0;0;34130
"   1.5.00.100.2.005592";237167,28;0;0;237167,28
"   1.5.00.100.2.005673";15,01;0;0;15,01
"   1.5.00.100.2.005679";118770,3;0;0;118770,3
"   1.5.00.100.2.005707";710120,69;0;0;710120,69
"   1.5.00.100.2.005753";137102,36;0;0;137102,36
"   1.5.00.100.2.006013";13237,25;0;0;13237,25
"   1.5.00.100.2.006056";0;0;393781,56;-393781,56
"   1.5.00.100.2.006090";94270,76;0;0;94270,76
"   1.5.00.100.2.006165";18944,52;0;0;18944,52
"   1.5.00.100.2.006193";8540,58;0;0;8540,58
"   1.5.00.100.2.006218";150080,4;0;150080,4;0
"   1.5.00.100.2.006222";505,03;0;0;505,03
"   1.5.00.100.2.006349";20772,13;0;0;20772,13
"   1.5.00.100.2.006429";1417,35;0;0;1417,35
"   1.5.00.100.2.006520";6643,03;0;0;6643,03
"   1.5.00.100.2.006566";67502,65;0;0;67502,65
"   1.5.00.100.2.006569";0;0;216458,29;-216458,29
"   1.5.00.100.2.006623";735662,4;0;740100,27;-4437,87
"   1.5.00.100.2.006710";0;0;790560,06;-790560,06
"   1.5.00.100.2.006817";42022,96;0;0;42022,96
"   1.5.00.100.2.006830";70033,2;0;0;70033,2
"   1.5.00.100.2.006999";61470,12;0;0;61470,12
"   1.5.00.100.2.007000";44750;0;0;44750
"   1.5.00.100.2.007002";41760;0;41760;0
"   1.5.00.100.2.007017";3710;0;13529,33;-9819,33
"   1.5.00.100.2.007094";0;0;59462,88;-59462,88
"   1.5.00.100.2.007095";0;0;42000;-42000
"   1.5.00.100.2.007097";0;0;60149,56;-60149,56
"   1.5.00.100.2.007098";0;0;235000;-235000
"   1.5.00.100.2.007099";0;0;63000;-63000
"   1.5.00.100.2.007100";0;0;424363,75;-424363,75
"   1.5.00.100.2.007101";0;0;49200;-49200
"   1.5.00.100.2.007102";0;0;21717;-21717
"   1.5.00.100.2.007103";0;0;76496,6;-76496,6
"   1.5.00.100.2.007108";0;0;69765,15;-69765,15
"   1.5.00.100.2.007109";0;0;17392,5;-17392,5
"   1.5.00.100.2.007110";0;0;38251,8;-38251,8
"   1.5.00.100.2.007111";0;0;79686,72;-79686,72
"   1.5.00.100.2.007112";0;0;30000;-30000
"   1.5.00.100.2.007114";0;0;31999,91;-31999,91
"   1.5.00.100.2.007116";0;0;199023,11;-199023,11
"   1.5.00.100.2.007118";0;0;57041,74;-57041,74
"   1.5.00.100.2.007119";0;0;118329,02;-118329,02
"   1.5.00.100.2.007121";0;0;81411,99;-81411,99
"   1.5.00.100.2.007123";0;0;18769,18;-18769,18
"   1.5.00.100.2.007124";0;0;234486,45;-234486,45
"   1.5.00.100.2.007125";0;0;31200;-31200
"   1.5.00.100.2.007127";0;0;102049,98;-102049,98
"   1.5.00.100.2.007130";0;0;101426,4;-101426,4
"   1.5.00.100.2.007131";0;0;81376,65;-81376,65
"   1.5.00.100.2.007132";0;0;239394,05;-239394,05
"   1.5.00.100.2.007133";0;0;50762,06;-50762,06
"   1.5.00.100.2.007134";0;0;98308,62;-98308,62
"   1.5.00.100.2.007136";0;0;31173;-31173
"   1.5.00.100.2.007137";0;0;52956;-52956
"   1.5.00.100.2.007139";0;0;24000;-24000
"   1.5.00.100.2.007140";0;0;68764,77;-68764,77
"   1.5.00.100.2.007141";0;0;39531,9;-39531,9
"   1.5.00.100.2.007143";0;0;24646,75;-24646,75
"   1.5.00.100.2.007144";0;0;69444,65;-69444,65
"   1.5.00.100.2.007145";0;0;105642,05;-105642,05
"   1.5.00.100.2.007146";0;0;63600;-63600
"   1.5.00.100.2.007147";0;0;242400;-242400
"   1.5.00.100.2.007148";0;0;157316,91;-157316,91
"   1.5.00.100.2.007151";0;0;46500;-46500
"   1.5.00.100.2.007152";0;0;715142,54;-715142,54
"   1.5.00.100.2.007154";0;0;60000;-60000
"   1.5.00.100.2.007155";0;0;89297,92;-89297,92
"   1.5.00.100.2.007156";0;0;179394,75;-179394,75
"   1.5.00.100.2.007158";0;0;139582,64;-139582,64
"   1.5.00.100.2.007160";0;0;120000;-120000
"   1.5.00.100.2.007161";0;0;97243,19;-97243,19
"   1.5.00.100.2.007162";0;0;107477,05;-107477,05
"   1.5.00.100.2.007164";0;0;59998,71;-59998,71
"   1.5.00.100.2.007165";0;0;59214,68;-59214,68
"   1.5.00.100.2.007166";0;0;15948,35;-15948,35
"   1.5.00.100.2.007167";0;0;94859,62;-94859,62
"   1.5.00.100.2.007168";0;0;103473,72;-103473,72
"   1.5.00.100.2.007169";0;0;100000;-100000
"   1.5.00.100.2.007171";66951,36;0;0;66951,36
"   1.5.00.100.2.007172";314575,36;0;750,76;313824,6
"   1.5.00.100.2.007173";200793,38;0;0;200793,38
"   1.5.00.100.2.007176";0;0;57599,91;-57599,91
"   1.5.00.100.2.007177";0;0;60763,2;-60763,2
"   1.5.00.100.2.007178";0;0;107822,85;-107822,85
"   1.5.00.100.2.007179";0;0;64000;-64000
"   1.5.00.100.2.007180";0;0;141843,33;-141843,33
"   1.5.00.100.2.007183";0;0;133762,96;-133762,96
"   1.5.00.100.2.007185";0;0;52744,3;-52744,3
"   1.5.00.100.2.007186";0;0;71854,47;-71854,47
"   1.5.00.100.2.007187";0;0;99448,4;-99448,4
"   1.5.00.100.2.007188";0;0;121291,52;-121291,52
"   1.5.00.100.2.007189";0;0;114317,7;-114317,7
"   1.5.00.100.2.007190";0;0;102225,25;-102225,25
"   1.5.00.100.2.007193";0;0;238754,79;-238754,79
"   1.5.00.100.2.007194";0;0;90000;-90000
"   1.5.00.100.2.007195";0;0;72000;-72000
"   1.5.00.100.2.007199";0;0;72000;-72000
"   1.5.00.100.2.007201";0;0;92715,72;-92715,72
"   1.5.00.100.2.007204";0;0;57187,5;-57187,5
"   1.5.00.100.2.007205";0;0;126645,2;-126645,2
"   1.5.00.100.2.007206";0;0;399547,44;-399547,44
"   1.5.00.100.2.007208";0;0;82306,07;-82306,07
"   1.5.00.100.2.007211";0;0;113050;-113050
"   1.5.00.100.2.007212";0;0;160000;-160000
"   1.5.00.100.2.007213";0;0;125731,5;-125731,5
"   1.5.00.100.2.007215";0;0;31156;-31156
"   1.5.00.100.2.007216";0;0;82092,48;-82092,48
"   1.5.00.100.2.007217";0;0;60000;-60000
"   1.5.00.100.2.007218";0;0;162789,5;-162789,5
"   1.5.00.100.2.007219";0;0;93009,75;-93009,75
"   1.5.00.100.2.007220";0;0;139935;-139935
"   1.5.00.100.2.007221";0;0;132151,26;-132151,26
"   1.5.00.100.2.007222";0;0;60000;-60000
"   1.5.00.100.2.007223";0;0;51451,81;-51451,81
"   1.5.00.100.2.007225";0;0;242814;-242814
"   1.5.00.100.2.007226";0;0;775528,8;-775528,8
"   1.5.00.100.2.007230";0;0;160137,44;-160137,44
"   1.5.00.100.2.007233";0;0;92335,2;-92335,2
"   1.5.00.100.2.007234";24447,06;0;128902,3;-104455,24
"   1.5.00.100.2.007235";0;0;15360;-15360
"   1.5.00.100.2.007236";0;0;104602,21;-104602,21
"   1.5.00.100.2.007237";0;0;60000;-60000
"   1.5.00.100.2.007241";0;0;23830,66;-23830,66
"   1.5.00.100.2.007242";0;0;130866,8;-130866,8
"   1.5.00.100.2.007246";0;0;86402,09;-86402,09
"   1.5.00.100.2.007250";0;0;200000;-200000
"   1.5.00.100.2.007258";67520,35;0;0;67520,35
"   1.5.00.100.2.007259";122560,56;0;0;122560,56
"   1.5.00.100.2.007260";158506,54;0;0;158506,54
"   1.5.00.100.2.007261";97976,49;0;0;97976,49
"   1.5.00.100.2.007262";153311,29;0;0;153311,29
"   1.5.00.100.2.007263";138134,66;0;0;138134,66
"   1.5.00.100.2.007264";79926,78;0;0;79926,78
"   1.5.00.100.2.007270";0;0;40000;-40000
"   1.5.00.100.2.007271";0;0;71291,5;-71291,5
"   1.5.00.100.2.007272";0;0;782699,94;-782699,94
"   1.5.00.100.2.007273";0;0;434714,47;-434714,47
"   1.5.00.100.2.007281";25000;0;0;25000
"   1.5.00.100.2.007283";0;0;70697,5;-70697,5
"   1.5.00.100.2.007285";776083,56;0;776083,56;0
"   1.5.00.100.2.007286";144000;0;144000;0
"   1.5.00.100.2.007289";1119885,45;278574047,42;1119885,45;-278574047,42
"   1.5.00.100.2.007322";152447,41;0;0;152447,41
"   1.5.00.100.2.007330";0;0;42963,83;-42963,83
"   1.5.00.100.2.007334";279,31;0;0;279,31
"   1.5.00.100.2.007348";167000;0;0;167000
"   1.5.00.100.2.007382";2394254,15;0;2394254,15;0
"   1.5.00.100.2.007394";18864,26;0;0;18864,26
"   1.5.00.100.2.007400";9695,77;0;0;9695,77
"   1.5.00.100.2.007457";100,43;0;0;100,43
"   1.5.00.100.2.007461";73,91;0;32270;-32196,09
"   1.5.00.100.2.007462";17493,17;0;0;17493,17
"   1.5.00.100.2.007472";40557,2;0;40557,2;0
"   1.5.00.100.2.007480";54000;0;0;54000
"   1.5.00.100.2.007481";1017736,01;0;0;1017736,01
"   1.5.00.100.2.007486";12379,77;0;0;12379,77
"   1.5.00.100.2.007520";0;0;260515;-260515
"   1.5.00.100.2.007596";0;0;214000;-214000
"   1.5.00.100.2.007602";1716,05;0;0;1716,05
"   1.5.00.100.2.007611";0;0;434292,48;-434292,48
"   1.5.00.100.2.007612";0;0;224187,38;-224187,38
"   1.5.00.100.2.007617";0;0;434292,48;-434292,48
"   1.5.00.100.2.007622";0;0;66943,02;-66943,02
"   1.5.00.100.2.007633";0;0;129519,6;-129519,6
"   1.5.00.100.2.007634";0;0;53970;-53970
"   1.5.00.100.2.007755";13998,31;0;187525,68;-173527,37
"   1.5.00.100.2.007809";0;0;42077,88;-42077,88
"   1.5.00.100.2.007830";0;0;217212,48;-217212,48
"   1.5.00.100.2.007838";0;0;79976,3;-79976,3
"   1.5.00.100.2.007855";41036,82;0;0;41036,82
"   1.5.00.100.2.007882";11180754,46;0;11180754,46;0
"   1.5.00.100.2.007886";185493,74;0;185493,74;0
"   1.5.00.100.2.007887";15859,58;0;0;15859,58
"   1.5.00.100.2.007919";1250000;0;1250000;0
"   1.5.00.100.2.007921";162680,68;0;150000;12680,68
"   1.5.00.100.2.007926";0;0;650875,25;-650875,25
"   1.5.00.100.2.007941";0;0;488641,66;-488641,66
"   1.5.00.100.2.007953";30497,51;0;30497,51;0
"   1.5.00.100.2.007962";0;0;60000;-60000
"   1.5.00.100.2.007963";0;0;116634,09;-116634,09
"   1.5.00.100.2.007964";0;0;127875,06;-127875,06
"   1.5.00.100.2.007965";0;0;174861,81;-174861,81
"   1.5.00.100.2.007966";0;0;135355;-135355
"   1.5.00.100.2.007967";15685;0;0;15685
"   1.5.00.100.2.007972";13243,2;0;13243,2;0
"   1.5.00.100.2.007973";45090;0;45090;0
"   1.5.00.100.2.007991";2065,44;0;2065,44;0
"   1.5.00.100.2.007994";763554,31;9236143,49;11667922,4;-20140511,58
"   1.5.00.100.2.008005";42229,5;0;0;42229,5
"   1.5.00.100.2.008006";50690,4;0;50690,4;0
"   1.5.00.100.2.008007";10289,77;0;10289,77;0
"   1.5.00.100.2.008008";28012,41;0;28012,41;0
"   1.5.00.100.2.008009";53470,31;0;53470,31;0
"   1.5.00.100.2.008010";27797,49;0;27773,07;24,42
"   1.5.00.100.2.008012";12658,24;0;12658,24;0
"   1.5.00.100.2.008013";10683,66;0;10683,66;0
"   1.5.00.100.2.008014";33084,78;0;26264,83;6819,95
"   1.5.00.100.2.160008";23895;0;23895;0
"   1.5.00.100.2.160009";35152,7;0;35152,7;0
"   1.5.00.100.2.160023";1643320,8;0;541500;1101820,8
"   1.5.00.100.2.160040";38029,56;0;1836,96;36192,6
"   1.5.00.100.2.160041";43078,4;0;43078,4;0
"   1.5.00.100.2.160043";78357,31;0;78357,31;0
"   1.5.00.100.2.160044";60655,29;0;19966,78;40688,51
"   1.5.00.100.2.160045";117540,84;0;58770,42;58770,42
"   1.5.00.100.2.160053";614,4;0;614,4;0
"   1.5.00.100.2.160058";0;0;281226,36;-281226,36
"   1.5.00.100.2.160061";0;0;23271,01;-23271,01
"   1.5.00.100.2.160062";0;0;483838,66;-483838,66
"   1.5.00.100.2.160065";0;0;72000;-72000
"   1.5.00.100.2.160067";0;0;1309475,79;-1309475,79
"   1.5.00.100.2.160068";0;0;63023,3;-63023,3
"   1.5.00.100.2.160069";0;0;176056,54;-176056,54
"   1.5.00.100.2.160071";0;0;33267,49;-33267,49
"   1.5.00.100.2.160073";0;0;259106,41;-259106,41
"   1.5.00.100.2.160079";0;0;51583,21;-51583,21
"   1.5.00.100.2.160080";0;0;26553,56;-26553,56
"   1.5.00.100.2.160081";0;0;25333,33;-25333,33
"   1.5.00.100.2.160082";0;0;66666,66;-66666,66
"   1.5.00.100.2.160087";0;0;206640,02;-206640,02
"   1.5.00.100.2.160089";0;0;59238,39;-59238,39
"   1.5.00.100.2.160094";0;0;25905,19;-25905,19
"   1.5.00.100.2.160095";0;0;236585,68;-236585,68
"   1.5.00.100.2.160096";0;0;16072,36;-16072,36
"   1.5.00.100.2.160100";0;0;77724,3;-77724,3
"   1.5.00.100.2.160101";0;0;242699,76;-242699,76
"   1.5.00.100.2.160105";0;0;26961,25;-26961,25
"   1.5.00.100.2.160107";0;0;23876,3;-23876,3
"   1.5.00.100.2.160108";0;0;98602,56;-98602,56
"   1.5.00.100.2.160109";0;0;144000;-144000
"   1.5.00.100.2.160110";0;0;13333,6;-13333,6
"   1.5.00.100.2.160113";0;0;8544,98;-8544,98
"   1.5.00.100.2.160118";0;0;24728,04;-24728,04
"   1.5.00.100.2.160121";0;0;27333,33;-27333,33
"   1.5.00.100.2.160123";0;0;8192,92;-8192,92
"   1.5.00.100.2.160127";0;0;11000;-11000
"   1.5.00.100.2.160128";0;0;179953,92;-179953,92
"   1.5.00.100.2.160131";0;0;243301,79;-243301,79
"   1.5.00.100.2.160133";0;0;25177,33;-25177,33
"   1.5.00.100.2.160135";0;0;151380,86;-151380,86
"   1.5.00.100.2.160138";0;0;171462,23;-171462,23
"   1.5.00.100.2.160142";0;0;40000;-40000
"   1.5.00.100.2.160145";0;0;31935,24;-31935,24
"   1.5.00.100.2.160146";0;0;89700;-89700
"   1.5.00.100.2.160147";0;0;26666,67;-26666,67
"   1.5.00.100.2.160148";0;0;157626,36;-157626,36
"   1.5.00.100.2.160149";0;0;167920,44;-167920,44
"   1.5.00.100.2.160150";0;0;69892,53;-69892,53
"   1.5.00.100.2.160151";0;0;96680,64;-96680,64
"   1.5.00.100.2.160153";0;0;61866,67;-61866,67
"   1.5.00.100.2.160154";0;0;33418,09;-33418,09
"   1.5.00.100.2.160156";0;0;26666,66;-26666,66
"   1.5.00.100.2.160157";0;0;84101,01;-84101,01
"   1.5.00.100.2.160160";0;0;15750;-15750
"   1.5.00.100.2.160162";0;0;16000;-16000
"   1.5.00.100.2.160164";0;0;39759,22;-39759,22
"   1.5.00.100.2.160171";48750;0;48750;0
"   1.5.00.100.2.160204";0;0;355096,9;-355096,9
"   1.5.00.100.2.160218";51100;0;51100;0
"   1.5.00.100.2.160219";11700;0;11700;0
"   1.5.00.100.2.160230";222359,65;0;222359,65;0
"   1.5.00.100.2.170004";2291,33;0;1980;311,33
"   1.5.00.100.2.170015";932,43;0;932,43;0
"   1.5.00.100.2.170023";2452,96;0;2452,96;0
"   1.5.00.100.2.170024";6867,09;0;6867,09;0
"   1.5.00.100.2.170026";4315,57;0;4315,57;0
"   1.5.00.100.2.170032";6867,09;0;6867,09;0
"   1.5.00.100.2.170047";1689,5;0;1689,5;0
"   1.5.00.100.2.170062";22900,43;0;22900,43;0
"   1.5.00.100.2.170068";195000;0;97500;97500
"   1.5.00.100.2.170090";241728,4;0;260555,68;-18827,28
"   1.5.00.100.2.180002";19535,29;0;19223,74;311,55
"   1.5.00.100.2.180003";29990,5;0;29990,5;0
"   1.5.00.100.2.180004";139829,38;0;139829,38;0
"   1.5.00.100.2.180005";4388,05;0;2134,3;2253,75
"   1.5.00.100.2.180006";38882,58;0;19938,33;18944,25
"   1.5.00.100.2.180007";3998,32;0;3998,32;0
"   1.5.00.100.2.180017";600397,15;0;300000;300397,15
"   1.5.00.100.2.180079";70000;0;70000;0
"   1.5.00.100.2.190009";14286;0;14286;0
"   1.5.00.100.2.190010";14286;0;14286;0
"   1.5.00.100.2.190021";42857,14;0;42857,14;0
"   1.5.00.100.2.190041";0;0;470750;-470750
"   1.5.00.100.2.200001";4277,45;0;4277,45;0
"   1.5.00.100.2.200002";31693,36;0;31693,36;0
"   1.5.00.100.2.200004";56524,53;0;56524,53;0
"   1.5.00.100.2.200005";56623,37;0;56623,37;0
"   1.5.00.100.2.200007";12174;0;12174;0
"   1.5.00.100.2.200008";26068,6;0;26068,6;0
"   1.5.00.100.2.200022";3000;0;3000;0
"   1.5.00.100.2.200023";0;0;5342006,13;-5342006,13
"   1.5.00.100.2.200024";9139,26;0;9139,26;0
"   1.5.00.100.2.200034";1747943,4;0;1325000;422943,4
"   1.5.00.100.2.200038";1177117,14;0;1177117,14;0
"   1.5.00.100.2.200042";0;0;963502,02;-963502,02
"   1.5.00.100.2.200045";6122,45;0;6122,45;0
"   1.5.00.100.2.200056";20098,21;0;20098,21;0
"   1.5.00.100.2.200057";290628,08;0;136022,67;154605,41
"   1.5.00.100.2.200058";62208,55;0;62208,55;0
"   1.5.00.100.2.210068";33850,13;0;0;33850,13
"   1.5.00.100.2.210075";136051,23;0;136051,23;0
"   1.5.00.100.2.210076";168468,2;0;168468,2;0
"   1.5.00.100.2.210077";34468,97;0;34468,97;0
"   1.5.00.100.2.210080";39233,4;0;39233,4;0
"   1.5.00.100.2.210081";15989,64;0;15989,64;0
"   1.5.00.100.2.210092";5342,66;0;0;5342,66
"   1.5.00.100.2.210093";0;0;21000;-21000
"   1.5.00.100.2.210135";891314,38;0;599669,26;291645,12
"   1.5.00.100.2.210136";19500,79;0;16493,77;3007,02
"   1.5.00.100.2.210138";0;0;3309749,91;-3309749,91
"   1.5.00.100.2.210139";2878,56;0;0;2878,56
"   1.5.00.100.2.210140";54059,96;0;54059,96;0
"   1.5.00.100.2.210141";4780,02;0;4780,02;0
"   1.5.00.100.2.210156";0;116390,12;0;-116390,12
"   1.5.00.100.2.220001";416473;0;0;416473
"   1.5.00.100.2.220015";0;2002146;0;-2002146
"   1.5.00.100.2.220019";256458,38;0;0;256458,38
"   1.5.00.100.2.220120";0;0;0;0
"   1.5.00.100.2.230005";12255,02;0;0;12255,02
"   1.5.00.100.2.230022";2580;2580;0;0
"   1.5.00.100.2.230029";0;0;0;0
"   1.5.00.100.2.230069";0;24202933,34;0;-24202933,34
"   1.5.00.100.2.230081";0;0;0;0
"   1.5.00.100.2.230082";0;0;0;0
"   1.5.00.100.2.230095";0;3399249,48;0;-3399249,48
"   1.5.00.100.2.230099";0;15320777,79;0;-15320777,79
"   1.5.00.100.2.230102";0;6299434,91;0;-6299434,91
"   1.5.00.100.2.230103";0;14262696,41;0;-14262696,41
"   1.5.00.100.2.230104";0;14107223,91;0;-14107223,91
"   1.5.00.100.2.230105";0;6669517,37;0;-6669517,37
"   1.5.00.100.2.230106";0;6730486,4;0;-6730486,4
"   1.5.00.100.2.230107";0;7547376,54;0;-7547376,54
"   1.5.00.100.2.230125";72121,14;196502,86;0;-124381,72
"   1.5.00.100.2.240013";0;17673319,65;0;-17673319,65
"   1.5.00.100.2.240095";775956,61;13641833,47;775956,61;-13641833,47
"   1.5.00.100.2.240102";3983,19;2612590,3;3983,19;-2612590,3
"   1.5.00.100.2.240119";0;579437,06;0;-579437,06
"   1.5.00.100.2.240139";0;9239566,35;0;-9239566,35
"   1.5.00.100.2.240141";0;8996891,05;0;-8996891,05
"   1.5.00.100.2.240156";0;1200000;0;-1200000
"   1.5.00.100.2.240163";0;3999911,2;0;-3999911,2
"   1.5.00.100.2.240169";0;13542628,39;0;-13542628,39
"   1.5.00.100.2.240187";0;6000000;0;-6000000
"   1.5.00.100.2.240198";0;0;0;0
"   1.5.00.100.2.240200";0;0;0;0
"   1.5.00.100.2.240201";0;0;0;0
"   1.5.00.100.2.240208";0;0;0;0
"   1.5.00.100.2.240210";0;0;0;0
"   1.5.00.100.2.250009";0;213000;0;-213000
"   1.5.00.100.2.250013";0;2000000;0;-2000000
"   1.5.00.100.2.250014";975000;0;975000;0
"   1.5.00.100.2.250021";856514,93;14994719,88;856514,93;-14994719,88
"   1.5.00.100.2.250022";0;100000;0;-100000
"   1.5.00.100.2.250071";0;14999933,84;0;-14999933,84
"   1.5.00.100.2.250072";0;0;0;0
"   1.5.00.100.2.250080";0;185567,78;0;-185567,78
"   1.5.00.100.3.121178";761542,95;0;0;761542,95
"   1.5.00.100.3.211018";4530;102875,02;230840,61;-329185,63
"   1.5.00.100.3.211032";98998,78;0;4075,42;94923,36
"   1.5.00.107.0.000000";15004804473,9;10308143173,63;4721778836,19;-25117535,92
"   1.5.00.107.1.007526";1133323109,15;0;0;1133323109,15
"   1.5.00.148.0.000000";354106918,56;240292335,49;96039,26;113718543,81
"   1.5.00.148.1.000003";0;14709,92;0;-14709,92
"   1.5.00.148.1.000004";0;1903015;0;-1903015
"   1.5.00.148.1.000006";0;272,64;0;-272,64
"   1.5.00.148.1.000007";0;161904,96;0;-161904,96
"   1.5.00.148.1.000011";0;149750;0;-149750
"   1.5.00.148.1.000013";0;100000;0;-100000
"   1.5.00.148.1.000014";0;33000;0;-33000
"   1.5.00.148.1.000015";0;61727,2;0;-61727,2
"   1.5.00.148.1.000016";0;0;0;0
"   1.5.00.148.1.000019";0;14200;0;-14200
"   1.5.00.148.1.000021";0;80695,21;0;-80695,21
"   1.5.00.148.1.000022";0;60188,66;0;-60188,66
"   1.5.00.148.1.000024";0;37447,88;0;-37447,88
"   1.5.00.148.2.230069";0;7344846;0;-7344846
"   1.5.00.148.2.230099";0;1995224;0;-1995224
"   1.5.00.148.2.240013";0;1566019;0;-1566019
"   1.5.00.148.2.240140";0;1087437;0;-1087437
"   1.5.00.148.2.240149";0;200000;0;-200000
"   1.5.00.148.2.240157";0;1087437;0;-1087437
"   1.5.00.148.2.240158";0;243000;0;-243000
"   1.5.00.148.2.240159";0;227437;0;-227437
"   1.5.00.148.2.240187";0;50000;0;-50000
"   1.5.00.148.2.250001";0;1087436,5;0;-1087436,5
"   1.5.00.148.2.250023";0;100000;0;-100000
"   1.5.00.148.2.250052";0;463000;0;-463000
"   1.5.00.148.2.250062";0;209508;0;-209508
"   1.5.00.148.2.250075";0;120000;0;-120000
"   1.5.00.223.0.000000";6872,43;0;6872,43;0
"   1.5.00.230.0.000000";3692,41;0;3692,41;0
"   1.5.01.100.0.000000";41685,98;0;0;41685,98
"   1.5.01.101.0.000000";11326586064,39;5621012832,81;5010843277,33;694729954,25
"   1.5.01.101.1.000001";1358,46;0;0;1358,46
"   1.5.01.101.1.000002";26033,11;0;0;26033,11
"   1.5.01.101.1.000008";945972387,59;253596085,24;0;692376302,35
"   1.5.01.101.1.000015";217023474,53;0;0;217023474,53
"   1.5.01.101.1.000035";25215895,63;20351718,33;0;4864177,3
"   1.5.01.101.1.007526";0;56230698,49;0;-56230698,49
"   1.5.01.101.1.220015";32835,51;917909;32835,51;-917909
"   1.5.01.101.1.370300";18684338,74;0;0;18684338,74
"   1.5.01.101.1.510282";512822967,15;0;250000000;262822967,15
"   1.5.01.101.2.005049";13135,29;0;13135,29;0
"   1.5.01.101.2.007039";0;0;203260,92;-203260,92
"   1.5.01.101.2.007099";0;0;94500;-94500
"   1.5.01.101.2.007102";0;0;32575,5;-32575,5
"   1.5.01.101.2.007106";0;0;173600;-173600
"   1.5.01.101.2.007134";0;0;36391,18;-36391,18
"   1.5.01.101.2.007139";0;0;36000;-36000
"   1.5.01.101.2.007144";0;0;30841,6;-30841,6
"   1.5.01.101.2.007152";0;0;42090,05;-42090,05
"   1.5.01.101.2.007155";0;0;53998,96;-53998,96
"   1.5.01.101.2.007168";0;0;34491,23;-34491,23
"   1.5.01.101.2.007193";0;0;147771,98;-147771,98
"   1.5.01.101.2.007210";0;0;99000;-99000
"   1.5.01.101.2.007224";0;0;32517,72;-32517,72
"   1.5.01.101.2.007269";0;0;52378,47;-52378,47
"   1.5.01.101.2.007273";0;0;273730,28;-273730,28
"   1.5.01.101.2.007289";25984;606103868;25984;-606103868
"   1.5.01.101.2.007348";31088,33;0;0;31088,33
"   1.5.01.101.2.007425";0;0;59001;-59001
"   1.5.01.101.2.007466";12635,61;0;0;12635,61
"   1.5.01.101.2.007596";0;0;85600;-85600
"   1.5.01.101.2.007622";0;0;22314,34;-22314,34
"   1.5.01.101.2.007760";0;0;336202,12;-336202,12
"   1.5.01.101.2.160171";3714,33;0;0;3714,33
"   1.5.01.101.2.170068";2145,44;0;0;2145,44
"   1.5.01.101.2.200005";427,32;0;0;427,32
"   1.5.01.101.2.200034";268520,14;0;0;268520,14
"   1.5.01.101.2.220001";19095,24;0;0;19095,24
"   1.5.01.101.2.230103";0;2109437,76;0;-2109437,76
"   1.5.01.101.2.230104";0;2109437,76;0;-2109437,76
"   1.5.01.101.2.230105";0;912681,75;0;-912681,75
"   1.5.01.101.2.230106";0;905698,21;0;-905698,21
"   1.5.01.101.2.230107";0;580778,7;0;-580778,7
"   1.5.01.101.3.211018";8,31;5450,81;920806,2;-926248,7
"   1.5.01.106.0.000000";113984016,56;0;0;113984016,56
"   1.5.01.108.0.000000";13473300152,59;9378676720,67;3915044373,4;179579058,52
"   1.5.01.120.0.000000";37910331,49;33005684,36;23401768,02;-18497120,89
"   1.5.01.120.0.026040";22570614,11;0;0;22570614,11
"   1.5.01.120.1.000000";24837464,47;0;0;24837464,47
"   1.5.01.120.1.016610";82961632,84;0;5360,74;82956272,1
"   1.5.01.120.1.018010";64907753,59;12917685,95;3776681,69;48213385,95
"   1.5.01.120.1.018020";21102228,63;0;0;21102228,63
"   1.5.01.120.1.025010";35676571,89;2116560,46;2853224,94;30706786,49
"   1.5.01.120.1.026040";31909053;10003406,22;9644764,2;12260882,58
"   1.5.01.120.1.026110";384704330,03;204983930,39;194689278;-14968878,36
"   1.5.01.120.1.166100";8664824,17;4405992,14;481183;3777649,03
"   1.5.01.120.1.180100";335602,82;2045628,77;0;-1710025,95
"   1.5.01.120.1.260400";4446520,74;0;7074746,17;-2628225,43
"   1.5.01.120.1.261100";11901697,01;55397588,9;0;-43495891,89
"   1.5.01.145.0.000000";3562409897,71;1471009884,52;278022,21;2091121990,98
"   1.5.01.145.1.004792";0;7733333,33;0;-7733333,33
"   1.5.01.145.1.007526";1885770,69;1780875486,85;2842524,22;-1781832240,38
"   1.5.01.145.1.047928";0;0,01;0;-0,01
"   1.5.01.145.2.210020";0;319872,42;0;-319872,42
"   1.5.01.145.2.210022";0;2606117,78;0;-2606117,78
"   1.5.01.145.2.210028";0;1039367,29;0;-1039367,29
"   1.5.01.145.2.210030";0;449022,76;0;-449022,76
"   1.5.01.145.2.210033";0;72487,92;0;-72487,92
"   1.5.01.145.2.210034";0;229679,53;0;-229679,53
"   1.5.01.145.2.210041";0;1572863,41;0;-1572863,41
"   1.5.01.145.2.210045";0;8565168,16;0;-8565168,16
"   1.5.01.145.2.210046";0;980088,8;0;-980088,8
"   1.5.01.145.2.210052";0;715595,26;0;-715595,26
"   1.5.01.145.2.210063";0;22102,9;0;-22102,9
"   1.5.01.145.2.210064";0;53090,27;0;-53090,27
"   1.5.01.145.2.210065";0;32372,66;0;-32372,66
"   1.5.01.145.2.210067";0;21506,08;0;-21506,08
"   1.5.01.145.2.210068";0;30950,78;0;-30950,78
"   1.5.01.145.2.210069";0;24500;0;-24500
"   1.5.01.145.2.210071";0;1008032,27;0;-1008032,27
"   1.5.01.145.2.210072";0;305728,47;0;-305728,47
"   1.5.01.145.2.210074";0;5447758,16;0;-5447758,16
"   1.5.01.145.2.210097";0;49635,39;0;-49635,39
"   1.5.01.145.2.210098";0;40661,72;0;-40661,72
"   1.5.01.145.2.210099";0;94200,33;0;-94200,33
"   1.5.01.145.2.210114";0;511569,27;0;-511569,27
"   1.5.01.145.2.210116";0;142702,98;0;-142702,98
"   1.5.01.145.2.210117";0;65279,96;0;-65279,96
"   1.5.01.145.2.210119";0;530036,17;0;-530036,17
"   1.5.01.145.2.210121";0;111280,41;0;-111280,41
"   1.5.01.145.2.210125";0;41174,42;0;-41174,42
"   1.5.01.145.2.210128";0;3535462,86;0;-3535462,86
"   1.5.01.145.2.220015";0;1424359,5;0;-1424359,5
"   1.5.01.145.2.240119";0;337100,3;0;-337100,3
"   1.5.01.230.0.000000";1606917594,49;1188099937,83;86915798,9;331901857,76
"   1.5.01.230.1.000020";8034878,46;8034077,49;0;800,97
"   1.5.01.230.1.000021";161924763,35;160331716,13;593047,05;1000000,17
"   1.5.01.230.1.000022";344312186,44;341824238,14;1860130,85;627817,45
"   1.5.01.230.1.000070";545,36;0;545,36;0
"   1.5.01.230.2.230108";6940623;6940623;0;0
"   1.5.01.230.2.230109";11968627,89;11968627,89;0;0
"   1.5.02.129.0.000000";1859433411,48;1859433411,48;0;0
"   1.5.50.105.0.000000";1480300883,8;0;1426021509,87;54279373,93
"   1.5.70.212.2.210085";211646,92;0;0;211646,92
"   1.6.00.225.0.000000";688303,18;0;267570,22;420732,96
"   1.7.00.212.2.210076";38643,04;0;0;38643,04
"   1.7.00.214.0.000000";61,12;0;0;61,12
"   1.7.00.214.2.004926";108,59;0;0;108,59
"   1.7.04.104.0.000000";40317663658,65;35648794734,3;1697774311,39;2971094612,96
"   1.7.04.104.1.000002";21473408,6;0;0;21473408,6
"   1.7.04.104.2.003963";169555,22;0;0;169555,22
"   1.7.04.104.2.007456";0;0;4000000;-4000000
"   1.7.04.104.2.008004";0;0;1785522,53;-1785522,53
"   1.7.04.193.0.000000";1590432825,76;0;1120084589,48;470348236,28
"   1.7.07.198.0.000000";43833311,48;0;19869503,14;23963808,34
"   1.7.07.198.2.160061";0;0;99210,9;-99210,9
"   1.7.07.198.2.160062";0;0;395868;-395868
"   1.7.07.198.2.160063";0;0;125103,11;-125103,11
"   1.7.07.198.2.160065";0;0;55078,92;-55078,92
"   1.7.07.198.2.160068";0;0;25901,62;-25901,62
"   1.7.07.198.2.160069";0;0;144046,71;-144046,71
"   1.7.07.198.2.160071";0;0;41584,37;-41584,37
"   1.7.07.198.2.160072";0;0;170827,98;-170827,98
"   1.7.07.198.2.160073";0;0;78399,37;-78399,37
"   1.7.07.198.2.160074";0;0;122223,29;-122223,29
"   1.7.07.198.2.160078";0;0;78755;-78755
"   1.7.07.198.2.160079";0;0;64479,02;-64479,02
"   1.7.07.198.2.160082";0;0;252791,86;-252791,86
"   1.7.07.198.2.160083";0;0;24820,48;-24820,48
"   1.7.07.198.2.160086";0;74657,09;0;-74657,09
"   1.7.07.198.2.160087";0;0;126280,01;-126280,01
"   1.7.07.198.2.160088";0;0;131384;-131384
"   1.7.07.198.2.160091";0;0;101558,15;-101558,15
"   1.7.07.198.2.160093";0;0;45419,89;-45419,89
"   1.7.07.198.2.160095";0;0;141751,64;-141751,64
"   1.7.07.198.2.160096";0;0;90211,6;-90211,6
"   1.7.07.198.2.160097";0;0;109665,29;-109665,29
"   1.7.07.198.2.160098";0;0;129250;-129250
"   1.7.07.198.2.160099";0;0;80664,51;-80664,51
"   1.7.07.198.2.160100";0;0;80176,58;-80176,58
"   1.7.07.198.2.160101";0;0;203895,78;-203895,78
"   1.7.07.198.2.160102";0;0;88913,51;-88913,51
"   1.7.07.198.2.160104";0;0;179214,37;-179214,37
"   1.7.07.198.2.160106";0;0;80860,22;-80860,22
"   1.7.07.198.2.160107";0;0;34654,56;-34654,56
"   1.7.07.198.2.160108";0;0;37637,89;-37637,89
"   1.7.07.198.2.160109";0;0;75281,93;-75281,93
"   1.7.07.198.2.160110";0;0;24731,68;-24731,68
"   1.7.07.198.2.160112";0;124288,54;0;-124288,54
"   1.7.07.198.2.160113";0;0;125009,7;-125009,7
"   1.7.07.198.2.160115";0;0;55833,47;-55833,47
"   1.7.07.198.2.160117";0;0;224299,88;-224299,88
"   1.7.07.198.2.160123";0;0;128886,1;-128886,1
"   1.7.07.198.2.160124";0;0;36963,81;-36963,81
"   1.7.07.198.2.160126";0;0;63655,91;-63655,91
"   1.7.07.198.2.160127";0;0;96800;-96800
"   1.7.07.198.2.160130";0;0;104138,43;-104138,43
"   1.7.07.198.2.160131";0;0;547429,02;-547429,02
"   1.7.07.198.2.160132";0;0;63135,9;-63135,9
"   1.7.07.198.2.160135";0;0;101485,54;-101485,54
"   1.7.07.198.2.160137";0;0;73769,45;-73769,45
"   1.7.07.198.2.160138";0;0;52078,85;-52078,85
"   1.7.07.198.2.160139";0;24649,13;0;-24649,13
"   1.7.07.198.2.160141";0;0;33922,85;-33922,85
"   1.7.07.198.2.160142";0;0;144000;-144000
"   1.7.07.198.2.160145";0;0;39919,35;-39919,35
"   1.7.07.198.2.160146";0;0;28774,76;-28774,76
"   1.7.07.198.2.160147";0;0;62139,89;-62139,89
"   1.7.07.198.2.160148";0;0;157626,36;-157626,36
"   1.7.07.198.2.160149";0;0;105002,33;-105002,33
"   1.7.07.198.2.160150";0;0;51345,13;-51345,13
"   1.7.07.198.2.160151";0;0;51948,17;-51948,17
"   1.7.07.198.2.160152";0;0;78396,38;-78396,38
"   1.7.07.198.2.160155";0;0;94560,14;-94560,14
"   1.7.07.198.2.160157";0;0;33645,6;-33645,6
"   1.7.07.198.2.160158";0;0;86809,6;-86809,6
"   1.7.07.198.2.160160";0;0;35564,52;-35564,52
"   1.7.07.198.2.160162";0;41106,09;0;-41106,09
"   1.7.07.198.2.160163";0;0;169964,64;-169964,64
"   1.7.07.198.2.160165";0;57160,23;0;-57160,23
"   1.7.07.198.2.160166";0;0;54918,24;-54918,24
"   1.7.07.198.2.160172";0;0;124952,21;-124952,21
"   1.7.07.198.2.160179";0;0;147186;-147186
"   1.7.07.198.2.160192";0;0;99404,61;-99404,61
"   1.7.07.198.2.160205";0;0;183337,03;-183337,03
"   1.7.07.198.2.180009";0;0;541668,35;-541668,35
"   1.7.07.198.2.190014";869,07;0;90869,07;-90000
"   1.7.07.198.2.190040";0;0;776278,7;-776278,7
"   1.7.07.198.2.200017";0;0;293157,85;-293157,85
"   1.7.07.198.2.200018";0;0;601096,1;-601096,1
"   1.7.07.198.2.200041";0;0;101230,55;-101230,55
"   1.7.07.198.2.200042";0;0;171289,25;-171289,25
"   1.7.07.198.2.200043";0;0;31830,72;-31830,72
"   1.7.07.198.2.200046";0;0;2920627,02;-2920627,02
"   1.7.07.198.2.200047";0;0;248385,8;-248385,8
"   1.7.08.101.0.000000";7058145,95;88202,54;0;6969943,41
"   1.7.09.101.0.000000";5899225,89;153473,24;0;5745752,65
"   1.7.11.101.0.000000";45638803,35;0;0;45638803,35
"   1.7.49.104.0.000000";22825537376,52;22799843767,96;0;25693608,56
"   1.7.50.126.0.000000";288867210,01;4590399,5;217203868,78;67072941,73
"   1.7.50.188.2.000005";15644,74;15644,74;0;0
"   1.7.52.230.0.000000";131310761,21;127574312,49;894981,24;2841467,48
"   1.7.52.230.1.000011";300000;0;275844,14;24155,86
"   1.7.53.132.0.000000";126302225,46;15443844,64;38841372,58;72017008,24
"   1.7.53.232.0.000000";233273249,93;215024504,19;12335389,6;5913356,14
"   1.7.53.232.1.000002";1795620927,92;1770751900,36;11944065,73;12924961,83
"   1.7.53.232.1.000003";1084439183,94;1065767928,23;14505706,11;4165549,6
"   1.7.54.111.0.000000";0;53116776,11;0;-53116776,11
"   1.7.54.111.1.000103";1116586527,87;0;0;1116586527,87
"   1.7.54.111.1.000104";170919358,89;0;0;170919358,89
"   1.7.54.111.1.000105";200932103,59;0;0;200932103,59
"   1.7.54.111.2.007720";0;0;174388,05;-174388,05
"   1.7.54.111.2.121195";0;0;616430,54;-616430,54
"   1.7.54.111.3.121089";1588320,24;526165,9;0;1062154,34
"   1.7.54.111.3.121146";455219,63;0;0;455219,63
"   1.7.54.111.3.121169";881152,61;0;0;881152,61
"   1.7.54.111.3.121170";12619,1;0;0;12619,1
"   1.7.54.111.3.121172";44,62;0;0;44,62
"   1.7.54.111.3.121173";3657493,76;0;1823136,02;1834357,74
"   1.7.54.111.3.121175";405830,4;0;0;405830,4
"   1.7.54.111.3.121176";67,26;0;0;67,26
"   1.7.54.111.3.121177";0,64;0;0;0,64
"   1.7.54.111.3.121178";956534,89;0;11367,72;945167,17
"   1.7.54.111.3.121187";453878556,84;3347,45;411166064,06;42709145,33
"   1.7.54.111.3.121188";1500326,58;0;659045,72;841280,86
"   1.7.54.111.3.121189";35894498,48;0;35084207,94;810290,54
"   1.7.54.111.3.121190";549178,51;0;574905,78;-25727,27
"   1.7.54.111.3.121191";259731870,44;0;50630549,8;209101320,64
"   1.7.54.111.3.121192";141297624,04;79459,1;147238232,79;-6020067,85
"   1.7.54.111.3.121194";90818138,91;0;90633222,9;184916,01
"   1.7.54.111.3.121195";17310690,84;0;16687519,75;623171,09
"   1.7.54.111.3.121196";4710,19;0;0;4710,19
"   1.7.54.111.3.121199";445436603,7;0;446787709,43;-1351105,73
"   1.7.54.111.3.121203";2899980562,12;0;2900000000;-19437,88
"   1.7.54.111.3.211009";4009964,29;0;0;4009964,29
"   1.7.54.111.3.211010";2143577,92;0;0;2143577,92
"   1.7.54.111.3.211013";39462,59;0;0;39462,59
"   1.7.54.111.3.211014";1100813,5;0;0;1100813,5
"   1.7.54.111.3.211015";1895,75;0;0;1895,75
"   1.7.54.111.3.211016";682384,08;0;0;682384,08
"   1.7.54.111.3.211017";36146798,27;0;28389272,74;7757525,53
"   1.7.54.111.3.211018";0;0;1459999,4;-1459999,4
"   1.7.54.111.3.211020";30154319,91;2861,14;29837207,55;314251,22
"   1.7.54.111.3.211021";6186337,05;0;1758165,73;4428171,32
"   1.7.54.111.3.211022";45173269,75;0;38480632,77;6692636,98
"   1.7.54.111.3.211023";117095,6;0;0;117095,6
"   1.7.54.111.3.211024";194628993,18;0;187345729;7283264,18
"   1.7.54.111.3.211025";364630851,23;107830277,82;213684945,54;43115627,87
"   1.7.54.111.3.211026";40578071,69;0;28617210,54;11960861,15
"   1.7.54.111.3.211027";258554153,78;0;215882948,7;42671205,08
"   1.7.54.111.3.211028";628006,48;0;0;628006,48
"   1.7.54.111.3.211029";1193273,77;0;0;1193273,77
"   1.7.54.111.3.211030";4981865,67;0;1522573,79;3459291,88
"   1.7.54.111.3.211031";24099345,58;0;29506408,8;-5407063,22
"   1.7.54.111.3.211032";42930453,94;0;41783695,21;1146758,73
"   1.7.54.111.3.211033";12088445,03;0;8772798,08;3315646,95
"   1.7.54.111.3.211034";287272,16;0;0;287272,16
"   1.7.54.111.3.211035";29406992,69;22816,15;22475813,58;6908362,96
"   1.7.55.133.0.000000";1505619669,75;0;1500087134,6;5532535,15
"   1.7.55.233.0.000000";6188000;0;6188000;0
"   1.7.56.233.0.000000";1081786,18;0;822411,7;259374,48
"   1.7.57.190.0.000000";0;285692430,27;132932848,69;-418625278,96
"   1.7.57.190.1.000151";4270045505,59;3614199819,81;0;655845685,78
"   1.7.57.191.0.000000";363228010,75;0;0;363228010,75
"   1.7.59.102.0.000000";2111902844,55;722676606,33;680662129,52;708564108,7
"   1.7.59.103.0.000000";3751789596,85;2240771780,14;1267145450,61;243872366,1
"   1.7.59.103.1.007526";49764167,5;49762667,59;0;1499,91
"   1.7.59.103.1.047928";101872350;98601690;1750142,4;1520517,6
"   1.7.59.103.2.007039";109273,02;0;109273,02;0
"   1.7.59.103.2.007096";199916,67;0;199916,67;0
"   1.7.59.103.2.007098";47000;0;47000;0
"   1.7.59.103.2.007099";31500;0;31500;0
"   1.7.59.103.2.007100";84872,75;0;84872,75;0
"   1.7.59.103.2.007101";10200;0;10200;0
"   1.7.59.103.2.007102";10858,5;0;10858,5;0
"   1.7.59.103.2.007103";15299,32;0;15299,32;0
"   1.7.59.103.2.007106";72333,33;0;72333,33;0
"   1.7.59.103.2.007108";13953,03;0;13953,03;0
"   1.7.59.103.2.007109";8696,25;0;8696,25;0
"   1.7.59.103.2.007111";39843,36;0;39843,36;0
"   1.7.59.103.2.007114";15999,96;0;15999,96;0
"   1.7.59.103.2.007118";28520,88;0;28520,88;0
"   1.7.59.103.2.007121";15992,58;0;15992,58;0
"   1.7.59.103.2.007124";46897,29;0;46897,29;0
"   1.7.59.103.2.007127";20410;0;20410;0
"   1.7.59.103.2.007130";20285,28;0;20285,28;0
"   1.7.59.103.2.007131";16275,33;0;16275,33;0
"   1.7.59.103.2.007132";47878,81;0;47878,81;0
"   1.7.59.103.2.007133";25381,03;0;25381,03;0
"   1.7.59.103.2.007139";12000;0;12000;0
"   1.7.59.103.2.007143";12323,38;0;12323,38;0
"   1.7.59.103.2.007146";12720;0;12720;0
"   1.7.59.103.2.007151";9300;0;9300;0
"   1.7.59.103.2.007154";12000;0;12000;0
"   1.7.59.103.2.007155";28046,88;0;28046,88;0
"   1.7.59.103.2.007158";28000;0;28000;0
"   1.7.59.103.2.007160";24000;0;24000;0
"   1.7.59.103.2.007161";17969,1;0;17969,1;0
"   1.7.59.103.2.007165";29607,34;0;29607,34;0
"   1.7.59.103.2.007167";17879,1;0;17879,1;0
"   1.7.59.103.2.007178";21564,57;0;21564,57;0
"   1.7.59.103.2.007179";32000;0;32000;0
"   1.7.59.103.2.007180";28368,67;0;28368,67;0
"   1.7.59.103.2.007183";66881,46;0;66881,46;0
"   1.7.59.103.2.007185";10548,86;0;10548,86;0
"   1.7.59.103.2.007187";19889,68;0;19889,68;0
"   1.7.59.103.2.007189";22863,54;0;22863,54;0
"   1.7.59.103.2.007190";20445,05;0;20445,05;0
"   1.7.59.103.2.007194";18000;0;18000;0
"   1.7.59.103.2.007204";11437,5;0;11437,5;0
"   1.7.59.103.2.007205";25000;0;25000;0
"   1.7.59.103.2.007208";16000;0;16000;0
"   1.7.59.103.2.007211";56525;0;56525;0
"   1.7.59.103.2.007212";32000;0;32000;0
"   1.7.59.103.2.007213";25145,7;0;25145,7;0
"   1.7.59.103.2.007215";15578;0;15578;0
"   1.7.59.103.2.007219";18601,95;0;18601,95;0
"   1.7.59.103.2.007220";27987;0;27987;0
"   1.7.59.103.2.007223";10290,37;0;10290,37;0
"   1.7.59.103.2.007230";32027,49;0;32027,49;0
"   1.7.59.103.2.007233";18467,04;0;18467,04;0
"   1.7.59.103.2.007234";25780,46;0;25780,46;0
"   1.7.59.103.2.007235";7680;0;7680;0
"   1.7.59.103.2.007236";20000;0;20000;0
"   1.7.59.103.2.007241";11915,33;0;11915,33;0
"   1.7.59.103.2.007242";26173,36;0;26173,36;0
"   1.7.59.103.2.007270";20000;0;20000;0
"   1.7.59.103.2.007271";32645,75;0;32645,75;0
"   1.7.59.103.2.007392";5107611,2;0;5107611,2;0
"   1.7.59.103.2.007418";59895,28;0;59895,28;0
"   1.7.59.103.2.007424";429533,7;0;429533,7;0
"   1.7.59.103.2.007425";420949,2;0;420949,2;0
"   1.7.59.103.2.007573";1015000;0;1015000;0
"   1.7.59.103.2.007629";404329,33;0;404329,33;0
"   1.7.59.103.2.007760";27796,37;0;27796,37;0
"   1.7.59.103.2.007809";21038,94;0;21038,94;0
"   1.7.59.103.2.007838";39988,15;0;39988,15;0
"   1.7.59.103.2.160061";731383,98;283891,03;447492,95;-0
"   1.7.59.103.2.160062";593802;0;593802;0
"   1.7.59.103.2.160063";655629,28;67716,49;587912,79;0
"   1.7.59.103.2.160065";468921,08;127600;341321,08;0
"   1.7.59.103.2.160066";164831,71;0;164831,71;0
"   1.7.59.103.2.160068";585376,53;145049,05;440327,48;0
"   1.7.59.103.2.160069";902689,89;254481,72;648208,17;0
"   1.7.59.103.2.160070";29321,43;0;29321,43;0
"   1.7.59.103.2.160071";815230,67;141563,93;673666,74;0
"   1.7.59.103.2.160072";1153396,8;0;1153396,8;0
"   1.7.59.103.2.160073";1591762,03;317287,68;1274474,35;0
"   1.7.59.103.2.160074";976323,41;285213,37;691110,04;0
"   1.7.59.103.2.160075";249600,67;0;249600,67;0
"   1.7.59.103.2.160076";584950,51;0;584950,51;0
"   1.7.59.103.2.160077";110766,46;0;110766,46;0
"   1.7.59.103.2.160078";469766;232112;237654;0
"   1.7.59.103.2.160079";1302476,14;257916,07;1044560,07;-0
"   1.7.59.103.2.160080";293184,71;0;293184,71;0
"   1.7.59.103.2.160082";1337096,77;0;1337096,77;0
"   1.7.59.103.2.160083";373726,36;38546,84;335179,52;0
"   1.7.59.103.2.160084";270063,86;0;270063,86;0
"   1.7.59.103.2.160085";453690,17;0;453690,17;0
"   1.7.59.103.2.160086";394053,93;209728,39;184325,54;-0
"   1.7.59.103.2.160087";1386784,03;410984,03;975800;0
"   1.7.59.103.2.160088";1853118;456823;1396295;0
"   1.7.59.103.2.160091";795690;190000;605690;0
"   1.7.59.103.2.160092";122793,12;0;122793,12;0
"   1.7.59.103.2.160093";547531,07;132023,07;415508;-0
"   1.7.59.103.2.160094";52071,13;0;52071,13;0
"   1.7.59.103.2.160095";1360942,16;236585,68;1124356,48;0
"   1.7.59.103.2.160096";846971,93;419584,35;427387,58;0
"   1.7.59.103.2.160097";2524023,52;794377,58;1729645,84;0,1
"   1.7.59.103.2.160098";861668,72;82502,06;779166,66;-0
"   1.7.59.103.2.160099";1175454,1;397568,45;777885,65;0
"   1.7.59.103.2.160100";610306,46;234348,84;375957,62;0
"   1.7.59.103.2.160101";1555131,14;428006,13;1127125,01;-0
"   1.7.59.103.2.160102";1351537,64;672368,51;679169,13;-0
"   1.7.59.103.2.160104";1061122,83;563391,79;497731,04;0
"   1.7.59.103.2.160105";77880,74;0;77880,74;0
"   1.7.59.103.2.160106";1559139,78;440000;1119139,78;0
"   1.7.59.103.2.160107";716202,77;205468,63;510734,14;0
"   1.7.59.103.2.160108";653706,17;181897,14;471809,03;0
"   1.7.59.103.2.160109";876184,92;196184,92;680000;0
"   1.7.59.103.2.160110";261940,72;0;261940,72;0
"   1.7.59.103.2.160112";605174,34;355817,7;249356,64;-0
"   1.7.59.103.2.160113";885111,96;197499,96;687612;0
"   1.7.59.103.2.160114";623927,55;242656,36;381271,19;0
"   1.7.59.103.2.160115";631053,35;118443,11;512610,24;0
"   1.7.59.103.2.160116";1234446,91;867780,24;366666,67;-0
"   1.7.59.103.2.160117";2301352,32;1083724,5;1217627,82;-0
"   1.7.59.103.2.160118";55638,09;0;55638,09;0
"   1.7.59.103.2.160119";42355,77;0;42355,77;0
"   1.7.59.103.2.160121";123000;0;123000;0
"   1.7.59.103.2.160123";865486,71;158683,92;706802,79;-0
"   1.7.59.103.2.160124";350806,45;95806,45;255000;0
"   1.7.59.103.2.160126";1056344,09;160000;896344,09;0
"   1.7.59.103.2.160127";1270499,88;388299,88;882200;-0
"   1.7.59.103.2.160128";2541420,32;0;2541420,32;0
"   1.7.59.103.2.160129";4824719,7;0;4824719,7;0
"   1.7.59.103.2.160130";959410,42;288558,41;670852,01;0
"   1.7.59.103.2.160131";3870710,29;0;3870710,29;0
"   1.7.59.103.2.160132";1024927,74;320592,92;704334,82;0
"   1.7.59.103.2.160133";396543;0;396543;0
"   1.7.59.103.2.160135";977976,38;179461,92;798514,46;0
"   1.7.59.103.2.160136";125586,9;0;125586,9;0
"   1.7.59.103.2.160137";1551641;425410,45;1126230,55;0
"   1.7.59.103.2.160138";950844,27;142391,29;808452,98;0
"   1.7.59.103.2.160139";434246,17;168657,48;265588,69;-0
"   1.7.59.103.2.160140";241385,9;0;241385,9;0
"   1.7.59.103.2.160141";877220,45;253115,18;624105,27;0
"   1.7.59.103.2.160142";1148009,44;345009,44;803000;0
"   1.7.59.103.2.160143";108333,35;0;108333,35;0
"   1.7.59.103.2.160144";829543,11;262060,94;567482,17;-0
"   1.7.59.103.2.160145";758462,41;111772,45;646689,96;0
"   1.7.59.103.2.160146";584175,24;164450;419725,24;0
"   1.7.59.103.2.160147";646666,66;106666,66;540000;0
"   1.7.59.103.2.160148";901971,21;157624,36;744346,85;0
"   1.7.59.103.2.160149";1642553,25;513090,12;1129463,13;0
"   1.7.59.103.2.160150";486035,18;146787,76;339247,42;0
"   1.7.59.103.2.160151";1262107,07;414055,24;848051,83;0
"   1.7.59.103.2.160152";1618101,71;285362,89;1332738,82;-0
"   1.7.59.103.2.160153";1462062,69;490470,81;971591,88;-0
"   1.7.59.103.2.160154";75190,71;0;75190,71;0
"   1.7.59.103.2.160155";964106,7;282595,74;681510,96;0
"   1.7.59.103.2.160156";988172,05;513333,34;474838,71;0
"   1.7.59.103.2.160157";520565,05;73953,91;446611,14;0
"   1.7.59.103.2.160158";579974,8;132056,16;447918,64;0
"   1.7.59.103.2.160159";137872,73;0;137872,73;0
"   1.7.59.103.2.160160";553440,98;132255,5;421185,48;0
"   1.7.59.103.2.160161";140490,33;0;140490,33;0
"   1.7.59.103.2.160162";569806,45;288000;281806,45;-0
"   1.7.59.103.2.160163";1141191,71;218526,05;922665,66;-0
"   1.7.59.103.2.160164";442207,79;261480,24;180727,55;0
"   1.7.59.103.2.160165";325531,71;138104,82;187426,89;0
"   1.7.59.103.2.160166";1013917,71;285976,79;727940,92;-0
"   1.7.59.103.2.160172";1944092,26;569161,98;1374930,28;0
"   1.7.59.103.2.160176";91664,98;0;91664,98;0
"   1.7.59.103.2.160179";1039924,94;0;1039924,94;0
"   1.7.59.103.2.160190";73066,13;0;73066,13;0
"   1.7.59.103.2.160191";189900;0;189900;0
"   1.7.59.103.2.160192";912575,37;363040,67;549534,7;0
"   1.7.59.103.2.160196";2695692,35;212689,05;2483003,3;0
"   1.7.59.103.2.160205";812487,53;325000;487487,53;0
"   1.7.59.103.2.160210";3283698,01;0;3283698,01;0
"   1.7.59.103.2.160225";2685674,87;0;2685674,87;0
"   1.7.59.103.2.180009";2306624,1;0;2306624,1;0
"   1.7.59.103.2.180034";3069069,89;0;3069069,89;0
"   1.7.59.103.2.180042";1311736,64;0;1311736,64;0
"   1.7.59.103.2.180043";796624,91;0;796624,91;0
"   1.7.59.103.2.180045";2614095,3;0;2614095,3;0
"   1.7.59.103.2.180063";197537,32;0;197537,32;0
"   1.7.59.103.2.190014";239967,96;0;239967,96;0
"   1.7.59.103.2.190040";1335214,47;0;1335214,47;0
"   1.7.59.103.2.190041";8892,93;0;8892,93;0
"   1.7.59.103.2.200017";264611,64;0;264611,64;0
"   1.7.59.103.2.200018";647814,35;81666,67;566147,68;-0
"   1.7.59.103.2.200026";2568039,63;0;2568039,63;0
"   1.7.59.103.2.200035";920749,38;0;920749,38;0
"   1.7.59.103.2.200038";772575,44;0;772575,44;0
"   1.7.59.103.2.200040";834643,22;164174,12;670469,1;0
"   1.7.59.103.2.200042";2647552,42;2647552,42;0;0
"   1.7.59.103.2.200043";13114,58;0;13114,58;0
"   1.7.59.103.2.210152";1487350,97;1487350,97;0;0
"   1.7.59.103.2.210153";333108,06;333108,06;0;0
"   1.7.59.103.2.210166";401986,4;401986,4;0;0
"   1.7.59.103.2.210171";221319,45;221319,45;0;0
"   1.7.59.103.2.220036";539533,1;539533,1;0;0
"   1.7.59.103.2.220037";1263004,88;1263004,88;0;0
"   1.7.59.103.2.220039";295266,8;295266,8;0;0
"   1.7.59.103.2.220040";1641741,2;1641741,2;0;0
"   1.7.59.103.2.220048";215999,91;215999,91;0;0
"   1.7.59.103.2.220051";144449,61;144449,61;0;0
"   1.7.59.103.2.220052";576000;576000;0;0
"   1.7.59.103.2.220071";4751,85;0;0;4751,85
"   1.7.59.103.2.220095";8275,05;8275,05;0;0
"   1.7.59.103.2.220096";79851,53;79851,53;0;0
"   1.7.59.103.2.220114";58116,68;29058,34;0;29058,34
"   1.7.59.103.2.220116";26133,33;26133,33;0;0
"   1.7.59.103.2.220121";217124,46;217124,46;0;0
"   1.7.59.103.2.230007";33336,33;33336,33;0;0
"   1.7.59.103.2.230013";15952,91;15952,91;0;0
"   1.7.59.103.2.230015";16743,13;16743,13;0;0
"   1.7.59.103.2.230030";30383,18;0;0;30383,18
"   1.7.59.103.2.230081";38396,6;38396,6;0;0
"   1.7.59.103.2.230082";0;0;0;0
"   1.7.59.103.2.240014";241044,9;241044,9;0;0
"   1.7.59.103.2.240015";216684,9;216684,9;0;0
"   1.7.59.103.2.240016";66545,01;66545,01;0;0
"   1.7.59.103.2.240017";216664,7;216664,7;0;0
"   1.7.59.103.2.240018";150000;150000;0;0
"   1.7.59.103.2.240019";343704,3;193705,65;149998,65;0
"   1.7.59.103.2.240020";104589,6;104589,6;0;0
"   1.7.59.103.2.240021";90000;90000;0;0
"   1.7.59.103.2.240023";366502,55;366502,55;0;0
"   1.7.59.103.2.240024";222031,53;222031,53;0;0
"   1.7.59.103.2.240025";167182,16;167182,16;0;0
"   1.7.59.103.2.240026";100000;100000;0;0
"   1.7.59.103.2.240027";47316,06;47316,06;0;0
"   1.7.59.103.2.240028";50620,35;50620,35;0;0
"   1.7.59.103.2.240029";222535,76;222535,76;0;0
"   1.7.59.103.2.240030";365927,1;365927,1;0;0
"   1.7.59.103.2.240031";330132,78;330132,78;0;0
"   1.7.59.103.2.240032";116669,94;116669,94;0;0
"   1.7.59.103.2.240033";216652,9;216652,9;0;0
"   1.7.59.103.2.240035";198628,19;198628,19;0;0
"   1.7.59.103.2.240036";176547,12;176547,12;0;0
"   1.7.59.103.2.240037";150000;150000;0;0
"   1.7.59.103.2.240039";214015,32;214015,32;0;0
"   1.7.59.103.2.240040";299320,8;299320,8;0;0
"   1.7.59.103.2.240042";232418,2;232418,2;0;0
"   1.7.59.103.2.240043";91030,5;91030,5;0;0
"   1.7.59.103.2.240044";399999,68;399999,68;0;0
"   1.7.59.103.2.240047";67500;67500;0;0
"   1.7.59.103.2.240048";136228,78;136228,78;0;0
"   1.7.59.103.2.240049";219999,8;219999,8;0;0
"   1.7.59.103.2.240051";69966,22;69966,22;0;0
"   1.7.59.103.2.240052";292400,4;292400,4;0;0
"   1.7.59.103.2.240053";300000;300000;0;0
"   1.7.59.103.2.240054";82076,01;82076,01;0;0
"   1.7.59.103.2.240055";37333,33;37333,33;0;0
"   1.7.59.103.2.240056";63701,56;63701,56;0;0
"   1.7.59.103.2.240057";45500;45500;0;0
"   1.7.59.103.2.240058";188723,46;188723,46;0;0
"   1.7.59.103.2.240059";400000;400000;0;0
"   1.7.59.103.2.240060";184000;184000;0;0
"   1.7.59.103.2.240061";180937,48;180937,48;0;0
"   1.7.59.103.2.240062";125360,13;125360,13;0;0
"   1.7.59.103.2.240063";209906,69;209906,69;0;0
"   1.7.59.103.2.240065";200000;200000;0;0
"   1.7.59.103.2.240066";183313,8;183313,8;0;0
"   1.7.59.103.2.240067";200000;200000;0;0
"   1.7.59.103.2.240068";90605,02;90605,02;0;0
"   1.7.59.103.2.240069";175000;175000;0;0
"   1.7.59.103.2.240070";200000;200000;0;0
"   1.7.59.103.2.240071";333150,36;333150,36;0;0
"   1.7.59.103.2.240072";83353,72;83353,72;0;0
"   1.7.59.103.2.240073";79240,35;79240,35;0;0
"   1.7.59.103.2.240074";131883,39;131883,39;0;0
"   1.7.59.103.2.240075";48648,65;48648,65;0;0
"   1.7.59.103.2.240076";72333,6;72333,6;0;0
"   1.7.59.103.2.240077";249153,55;249153,55;0;0
"   1.7.59.103.2.240078";225050,93;225050,93;0;0
"   1.7.59.103.2.240079";220277,1;220277,1;0;0
"   1.7.59.103.2.240080";135000;135000;0;0
"   1.7.59.103.2.240081";35000;35000;0;0
"   1.7.59.103.2.240082";149831,34;149831,34;0;0
"   1.7.59.103.2.240083";250000;250000;0;0
"   1.7.59.103.2.240086";299389,86;299389,86;0;0
"   1.7.59.103.2.240087";149483,43;149483,43;0;0
"   1.7.59.103.2.240088";289700,64;289700,64;0;0
"   1.7.59.103.2.240089";300000;300000;0;0
"   1.7.59.103.2.240090";150000;150000;0;0
"   1.7.59.103.2.240092";143333,28;143333,28;0;0
"   1.7.59.103.2.240099";85989,93;85989,93;0;0
"   1.7.59.103.2.240188";2800000;2800000;0;0
"   1.7.59.103.2.250004";5664180,48;5664180,48;0;0
"   1.7.59.150.0.000000";526222716,91;247786322,88;48307536,28;230128857,75
"   1.7.59.150.1.004792";0;39085466,65;0;-39085466,65
"   1.7.59.150.1.007526";0;139526570,41;0;-139526570,41
"   1.7.59.150.1.220015";0;2037071,03;0;-2037071,03
"   1.7.59.150.2.220015";69912,59;5672437;69912,59;-5672437
"   1.7.59.150.2.240119";0;1222197,74;0;-1222197,74
"   1.7.59.151.0.000000";3588826988,24;3209484529,36;64716109,29;314626349,59
"   1.7.59.151.1.007526";0;34834742,31;0;-34834742,31
"   1.7.59.151.1.047928";0;137365,21;0;-137365,21
"   1.7.59.151.2.006871";0;0;0;0
"   1.7.59.151.2.006876";0;0;0;0
"   1.7.59.151.2.007482";0;13578470,14;0;-13578470,14
"   1.7.59.151.2.007485";0;38382,96;0;-38382,96
"   1.7.59.151.2.240005";0;2700000;0;-2700000
"   1.7.59.151.2.250054";0;2700000;0;-2700000
"   1.7.59.152.0.000000";108121785,91;108121785,91;0;0
"   1.7.59.251.0.000000";35121211,03;0;11588650,43;23532560,6
"   1.7.60.232.0.000000";4733026,66;63,91;4709481,56;23481,19
"   1.7.61.100.0.000000";21296,97;0;0;21296,97
"   1.7.61.122.0.000000";15721669734,24;6877883356,53;4246326196,3;4597460181,41
"   1.7.61.122.1.007392";0;0;961660,44;-961660,44
"   1.7.61.122.1.007526";0;72506965,84;0;-72506965,84
"   1.7.61.122.1.047928";1841350;58596740;1841350;-58596740
"   1.7.61.122.1.990025";0;0;550;-550
"   1.7.61.122.2.003655";285;0;0;285
"   1.7.61.122.2.004489";34534,06;0;25922,15;8611,91
"   1.7.61.122.2.004490";393,44;0;0;393,44
"   1.7.61.122.2.004495";61249,18;0;0;61249,18
"   1.7.61.122.2.004496";33179,86;0;0;33179,86
"   1.7.61.122.2.004873";6579,19;0;0;6579,19
"   1.7.61.122.2.004925";474,97;0;0;474,97
"   1.7.61.122.2.004926";0;0;282,49;-282,49
"   1.7.61.122.2.005437";78390;0;0;78390
"   1.7.61.122.2.005676";359852,5;0;0;359852,5
"   1.7.61.122.2.005827";573264,14;0;573264,14;0
"   1.7.61.122.2.006057";70602,23;0;7528,33;63073,9
"   1.7.61.122.2.006303";51266,65;0;0;51266,65
"   1.7.61.122.2.006309";13118,52;0;0;13118,52
"   1.7.61.122.2.006478";11516,93;0;0;11516,93
"   1.7.61.122.2.006522";1887,64;0;0;1887,64
"   1.7.61.122.2.006969";0;0;32000;-32000
"   1.7.61.122.2.007025";9427,74;0;0;9427,74
"   1.7.61.122.2.007096";0;0;396000;-396000
"   1.7.61.122.2.007099";0;51450;0;-51450
"   1.7.61.122.2.007109";0;0;26088,75;-26088,75
"   1.7.61.122.2.007111";0;0;119530,08;-119530,08
"   1.7.61.122.2.007114";0;0;47999,88;-47999,88
"   1.7.61.122.2.007118";0;0;85562,5;-85562,5
"   1.7.61.122.2.007120";0;0;48000;-48000
"   1.7.61.122.2.007121";14489,18;0;0;14489,18
"   1.7.61.122.2.007123";0;0;56307,54;-56307,54
"   1.7.61.122.2.007125";0;0;31200;-31200
"   1.7.61.122.2.007128";0;0;33000;-33000
"   1.7.61.122.2.007133";0;0;76143,09;-76143,09
"   1.7.61.122.2.007134";0;0;111071,75;-111071,75
"   1.7.61.122.2.007137";0;0;52956;-52956
"   1.7.61.122.2.007143";0;0;33182,47;-33182,47
"   1.7.61.122.2.007152";0;0;197038,14;-197038,14
"   1.7.61.122.2.007156";0;0;43186,5;-43186,5
"   1.7.61.122.2.007164";0;0;59998,71;-59998,71
"   1.7.61.122.2.007166";0;0;50619,34;-50619,34
"   1.7.61.122.2.007179";0;0;96000;-96000
"   1.7.61.122.2.007193";0;0;575550,39;-575550,39
"   1.7.61.122.2.007200";0;0;80608,29;-80608,29
"   1.7.61.122.2.007201";0;0;139073,58;-139073,58
"   1.7.61.122.2.007206";0;0;399547,44;-399547,44
"   1.7.61.122.2.007207";60216,78;0;0;60216,78
"   1.7.61.122.2.007211";28990,73;0;0;28990,73
"   1.7.61.122.2.007215";0;0;46734;-46734
"   1.7.61.122.2.007216";0;0;82092,48;-82092,48
"   1.7.61.122.2.007224";0;0;65035,44;-65035,44
"   1.7.61.122.2.007225";0;0;242814;-242814
"   1.7.61.122.2.007235";0;0;23040;-23040
"   1.7.61.122.2.007241";0;0;35745,99;-35745,99
"   1.7.61.122.2.007268";95818,99;0;0;95818,99
"   1.7.61.122.2.007270";0;0;60000;-60000
"   1.7.61.122.2.007271";0;0;103937,25;-103937,25
"   1.7.61.122.2.007273";0;0;562809,16;-562809,16
"   1.7.61.122.2.007283";0;0;106046,25;-106046,25
"   1.7.61.122.2.007284";99351,2;0;0;99351,2
"   1.7.61.122.2.007289";48049,26;1001215926,16;1503809232,43;-2504977109,33
"   1.7.61.122.2.007314";11022;0;0;11022
"   1.7.61.122.2.007317";95625;0;0;95625
"   1.7.61.122.2.007330";0;0;34371,06;-34371,06
"   1.7.61.122.2.007392";0;0;1822527,88;-1822527,88
"   1.7.61.122.2.007393";280268,85;0;0;280268,85
"   1.7.61.122.2.007399";38837,71;0;38837,71;0
"   1.7.61.122.2.007418";0;0;55302,21;-55302,21
"   1.7.61.122.2.007424";0;0;210937,5;-210937,5
"   1.7.61.122.2.007425";0;0;118002;-118002
"   1.7.61.122.2.007617";0;0;861707,52;-861707,52
"   1.7.61.122.2.007622";0;0;89257,36;-89257,36
"   1.7.61.122.2.007629";0;0;331238,5;-331238,5
"   1.7.61.122.2.007634";0;0;71960;-71960
"   1.7.61.122.2.007760";0;0;150796,37;-150796,37
"   1.7.61.122.2.007809";0;0;63116,82;-63116,82
"   1.7.61.122.2.007830";0;0;430787,52;-430787,52
"   1.7.61.122.2.007838";0;0;119964,47;-119964,47
"   1.7.61.122.2.007902";41125,94;0;41125,94;0
"   1.7.61.122.2.160061";0;0;144363,44;-144363,44
"   1.7.61.122.2.160062";0;0;417860,67;-417860,67
"   1.7.61.122.2.160063";0;242203,98;0;-242203,98
"   1.7.61.122.2.160065";0;36000;20000;-56000
"   1.7.61.122.2.160068";0;66604,16;25901,61;-92505,77
"   1.7.61.122.2.160069";0;72023,13;40012,4;-112035,53
"   1.7.61.122.2.160071";0;182124,4;113734,24;-295858,64
"   1.7.61.122.2.160072";0;0;199299,31;-199299,31
"   1.7.61.122.2.160073";0;415159,01;69729,47;-484888,48
"   1.7.61.122.2.160074";0;75000;150000;-225000
"   1.7.61.122.2.160079";0;269522,29;296603,47;-566125,76
"   1.7.61.122.2.160083";0;133803,94;57193,58;-190997,52
"   1.7.61.122.2.160086";0;292798,17;0;-292798,17
"   1.7.61.122.2.160087";0;160720,01;0;-160720,01
"   1.7.61.122.2.160088";0;270117,33;285230;-555347,33
"   1.7.61.122.2.160089";0;0;63564,03;-63564,03
"   1.7.61.122.2.160091";0;52500;134941,85;-187441,85
"   1.7.61.122.2.160093";0;67478,46;112464,15;-179942,61
"   1.7.61.122.2.160095";0;299675,19;65718,24;-365393,43
"   1.7.61.122.2.160097";0;84404,07;389557,28;-473961,35
"   1.7.61.122.2.160098";0;293333,34;211166,64;-504499,98
"   1.7.61.122.2.160099";0;323132,52;0;-323132,52
"   1.7.61.122.2.160100";0;22062,2;0;-22062,2
"   1.7.61.122.2.160101";0;121349,88;66653,13;-188003,01
"   1.7.61.122.2.160104";0;84812,38;0;-84812,38
"   1.7.61.122.2.160106";0;120000;195541,64;-315541,64
"   1.7.61.122.2.160107";0;56914,47;92327,91;-149242,38
"   1.7.61.122.2.160108";0;49301,28;32867,52;-82168,8
"   1.7.61.122.2.160109";0;268468,56;40000;-308468,56
"   1.7.61.122.2.160112";0;386780,4;0;-386780,4
"   1.7.61.122.2.160113";0;150000;198833,32;-348833,32
"   1.7.61.122.2.160114";0;370543,15;0;-370543,15
"   1.7.61.122.2.160115";0;181612,83;0;-181612,83
"   1.7.61.122.2.160116";0;842788,43;0;-842788,43
"   1.7.61.122.2.160117";0;0;144077,3;-144077,3
"   1.7.61.122.2.160123";0;216696,99;221210,46;-437907,45
"   1.7.61.122.2.160124";0;54000;68806,45;-122806,45
"   1.7.61.122.2.160126";0;288000;192000;-480000
"   1.7.61.122.2.160127";0;86899,88;337000;-423899,88
"   1.7.61.122.2.160130";0;29754,33;0;-29754,33
"   1.7.61.122.2.160132";0;0;149819,1;-149819,1
"   1.7.61.122.2.160135";0;276971,96;89730,96;-366702,92
"   1.7.61.122.2.160137";0;114321,19;113177,5;-227498,69
"   1.7.61.122.2.160138";0;223005,09;51844,15;-274849,24
"   1.7.61.122.2.160139";0;362497,19;0;-362497,19
"   1.7.61.122.2.160141";0;71553,18;0;-71553,18
"   1.7.61.122.2.160142";0;64987,8;237000;-301987,8
"   1.7.61.122.2.160144";0;96064,24;0;-96064,24
"   1.7.61.122.2.160145";0;213166,03;183626,17;-396792,2
"   1.7.61.122.2.160146";0;44850;28405,06;-73255,06
"   1.7.61.122.2.160147";0;166666,68;146666,67;-313333,35
"   1.7.61.122.2.160148";0;201411,46;43785,1;-245196,56
"   1.7.61.122.2.160149";0;121275,87;46644,45;-167920,32
"   1.7.61.122.2.160150";0;40824,15;23432,91;-64257,06
"   1.7.61.122.2.160151";0;91335,72;49996,57;-141332,29
"   1.7.61.122.2.160152";0;357487,59;360623,42;-718111,01
"   1.7.61.122.2.160153";0;985192,79;0;-985192,79
"   1.7.61.122.2.160155";0;74552,94;228014,73;-302567,67
"   1.7.61.122.2.160156";0;120000;0;-120000
"   1.7.61.122.2.160157";0;117842,81;27871,15;-145713,96
"   1.7.61.122.2.160158";0;73566,44;125300,64;-198867,08
"   1.7.61.122.2.160160";0;80861;90937,78;-171798,78
"   1.7.61.122.2.160162";0;591809,97;0;-591809,97
"   1.7.61.122.2.160163";0;276799,68;0;-276799,68
"   1.7.61.122.2.160164";0;373335,86;0;-373335,86
"   1.7.61.122.2.160166";0;77993,67;0;-77993,67
"   1.7.61.122.2.160172";0;150660,51;57453,68;-208114,19
"   1.7.61.122.2.160179";0;0;114478;-114478
"   1.7.61.122.2.160192";0;64827,48;172335,69;-237163,17
"   1.7.61.122.2.160196";0;184330,51;0;-184330,51
"   1.7.61.122.2.160205";0;25000;154085,44;-179085,44
"   1.7.61.122.2.160210";0;0;797469,4;-797469,4
"   1.7.61.122.2.160225";0;0;1170494,14;-1170494,14
"   1.7.61.122.2.180009";0;0;982990,65;-982990,65
"   1.7.61.122.2.180022";131562,5;0;131562,5;0
"   1.7.61.122.2.180034";0;0;6322981,68;-6322981,68
"   1.7.61.122.2.180045";0;0;2061276,24;-2061276,24
"   1.7.61.122.2.190014";0;0;120032,04;-120032,04
"   1.7.61.122.2.190040";0;0;2371789,1;-2371789,1
"   1.7.61.122.2.190041";0;0;464250;-464250
"   1.7.61.122.2.200017";0;0;190937,39;-190937,39
"   1.7.61.122.2.200018";0;0;403293,06;-403293,06
"   1.7.61.122.2.200023";0;25926351,83;0;-25926351,83
"   1.7.61.122.2.200040";0;0;1012589,95;-1012589,95
"   1.7.61.122.2.200041";0;0;242607,87;-242607,87
"   1.7.61.122.2.200042";0;2862922,36;481751,01;-3344673,37
"   1.7.61.122.2.200043";0;0;143238,24;-143238,24
"   1.7.61.122.2.200046";0;26046692,34;3819844,91;-29866537,25
"   1.7.61.122.2.200047";423482,55;0;1665411,55;-1241929
"   1.7.61.122.2.210051";0;0;226157,26;-226157,26
"   1.7.61.122.2.210090";22857,42;0;372715,1;-349857,68
"   1.7.61.122.2.210151";0;9461011,16;0;-9461011,16
"   1.7.61.122.2.210152";0;1079528,93;0;-1079528,93
"   1.7.61.122.2.210153";0;646418,91;0;-646418,91
"   1.7.61.122.2.210166";0;372224,69;0;-372224,69
"   1.7.61.122.2.210171";0;474538,19;0;-474538,19
"   1.7.61.122.2.210173";543058,25;0;0;543058,25
"   1.7.61.122.2.220002";24795,11;549726,82;24795,11;-549726,82
"   1.7.61.122.2.220005";56935,24;0;56935,24;0
"   1.7.61.122.2.220036";0;539538,03;0;-539538,03
"   1.7.61.122.2.220037";0;2430688,72;0;-2430688,72
"   1.7.61.122.2.220039";0;433077,59;0;-433077,59
"   1.7.61.122.2.220040";0;2421568,26;0;-2421568,26
"   1.7.61.122.2.220048";0;287999,88;0;-287999,88
"   1.7.61.122.2.220051";0;646454,41;0;-646454,41
"   1.7.61.122.2.220052";0;216000;0;-216000
"   1.7.61.122.2.220098";0;353782,5;0;-353782,5
"   1.7.61.122.2.230003";46525,3;745913,47;46525,3;-745913,47
"   1.7.61.122.2.230064";7214,41;509293,05;7214,41;-509293,05
"   1.7.61.122.2.230067";41572,75;865481,72;41572,75;-865481,72
"   1.7.61.122.2.230069";0;11730466,3;0;-11730466,3
"   1.7.61.122.2.230070";0;2015998,36;0;-2015998,36
"   1.7.61.122.2.230071";0;2015998,36;0;-2015998,36
"   1.7.61.122.2.230072";0;1582490,82;0;-1582490,82
"   1.7.61.122.2.230073";0;1205963,51;0;-1205963,51
"   1.7.61.122.2.230074";0;969252,17;0;-969252,17
"   1.7.61.122.2.230075";0;472289,46;0;-472289,46
"   1.7.61.122.2.230076";0;960379,47;0;-960379,47
"   1.7.61.122.2.230077";0;1205963,51;0;-1205963,51
"   1.7.61.122.2.230078";0;2015998,36;0;-2015998,36
"   1.7.61.122.2.230085";65283,46;546482,7;65283,46;-546482,7
"   1.7.61.122.2.230096";54061,45;500169,25;54061,45;-500169,25
"   1.7.61.122.2.230099";0;17621801,17;0;-17621801,17
"   1.7.61.122.2.230102";0;8293658,3;0;-8293658,3
"   1.7.61.122.2.240013";0;11688970,74;0;-11688970,74
"   1.7.61.122.2.240014";0;241044,9;0;-241044,9
"   1.7.61.122.2.240015";0;300000;0;-300000
"   1.7.61.122.2.240016";0;449178,84;0;-449178,84
"   1.7.61.122.2.240017";0;299997,3;0;-299997,3
"   1.7.61.122.2.240018";0;300000;0;-300000
"   1.7.61.122.2.240019";0;393363;0;-393363
"   1.7.61.122.2.240020";0;313768,8;0;-313768,8
"   1.7.61.122.2.240021";0;219000;0;-219000
"   1.7.61.122.2.240023";0;149932,86;0;-149932,86
"   1.7.61.122.2.240024";0;300000;0;-300000
"   1.7.61.122.2.240025";0;240569,82;0;-240569,82
"   1.7.61.122.2.240026";0;450000;0;-450000
"   1.7.61.122.2.240027";0;425844,54;0;-425844,54
"   1.7.61.122.2.240028";0;123738,63;0;-123738,63
"   1.7.61.122.2.240029";0;248797,74;0;-248797,74
"   1.7.61.122.2.240030";0;149697,45;0;-149697,45
"   1.7.61.122.2.240031";0;139595,03;0;-139595,03
"   1.7.61.122.2.240032";0;150000;0;-150000
"   1.7.61.122.2.240033";0;299980,92;0;-299980,92
"   1.7.61.122.2.240035";0;269670,72;0;-269670,72
"   1.7.61.122.2.240036";0;176547,12;0;-176547,12
"   1.7.61.122.2.240037";0;450000;0;-450000
"   1.7.61.122.2.240039";0;296328,9;0;-296328,9
"   1.7.61.122.2.240040";0;49886,8;0;-49886,8
"   1.7.61.122.2.240042";0;99607,8;0;-99607,8
"   1.7.61.122.2.240043";0;140233,04;0;-140233,04
"   1.7.61.122.2.240044";0;149999,88;0;-149999,88
"   1.7.61.122.2.240045";2108968,87;520967;0;1588001,87
"   1.7.61.122.2.240047";0;157500;0;-157500
"   1.7.61.122.2.240048";0;188624,46;0;-188624,46
"   1.7.61.122.2.240049";0;90000;0;-90000
"   1.7.61.122.2.240051";0;449782,83;0;-449782,83
"   1.7.61.122.2.240052";0;292400,4;0;-292400,4
"   1.7.61.122.2.240053";0;300000;0;-300000
"   1.7.61.122.2.240054";0;200630,25;0;-200630,25
"   1.7.61.122.2.240056";0;93985,92;0;-93985,92
"   1.7.61.122.2.240057";0;315000;0;-315000
"   1.7.61.122.2.240058";0;280745,64;0;-280745,64
"   1.7.61.122.2.240059";0;150000;0;-150000
"   1.7.61.122.2.240060";0;276000;0;-276000
"   1.7.61.122.2.240061";0;296630,59;0;-296630,59
"   1.7.61.122.2.240062";0;173575,56;0;-173575,56
"   1.7.61.122.2.240063";0;89960,01;0;-89960,01
"   1.7.61.122.2.240065";0;300000;0;-300000
"   1.7.61.122.2.240066";0;282020,76;0;-282020,76
"   1.7.61.122.2.240067";0;150000;0;-150000
"   1.7.61.122.2.240068";0;144326,58;0;-144326,58
"   1.7.61.122.2.240070";0;300000;0;-300000
"   1.7.61.122.2.240072";0;137648,34;0;-137648,34
"   1.7.61.122.2.240073";0;122181,88;0;-122181,88
"   1.7.61.122.2.240074";0;395650,17;0;-395650,17
"   1.7.61.122.2.240075";0;291891,9;0;-291891,9
"   1.7.61.122.2.240076";0;163599,17;0;-163599,17
"   1.7.61.122.2.240077";0;298984,26;0;-298984,26
"   1.7.61.122.2.240078";0;101272,92;0;-101272,92
"   1.7.61.122.2.240079";0;73425,7;0;-73425,7
"   1.7.61.122.2.240080";0;405000;0;-405000
"   1.7.61.122.2.240081";0;315000;0;-315000
"   1.7.61.122.2.240083";0;300000;0;-300000
"   1.7.61.122.2.240084";0;97297,28;0;-97297,28
"   1.7.61.122.2.240086";0;149694,93;0;-149694,93
"   1.7.61.122.2.240087";0;298966,86;0;-298966,86
"   1.7.61.122.2.240088";0;241417,2;0;-241417,2
"   1.7.61.122.2.240089";0;200000;0;-200000
"   1.7.61.122.2.240090";0;300000;0;-300000
"   1.7.61.122.2.240091";0;360000;0;-360000
"   1.7.61.122.2.240092";0;300000;0;-300000
"   1.7.61.122.2.240099";0;210197,6;0;-210197,6
"   1.7.61.122.2.240100";0;2196399,41;0;-2196399,41
"   1.7.61.122.2.240101";0;400000;0;-400000
"   1.7.61.122.2.240152";0;5690971,12;0;-5690971,12
"   1.7.61.122.2.240174";0;358659;0;-358659
"   1.7.61.122.2.240187";0;12700000;0;-12700000
"   1.7.61.122.2.240188";0;1661230,45;0;-1661230,45
"   1.7.61.122.2.240204";0;0;0;0
"   1.7.61.122.2.240205";0;0;0;0
"   1.7.61.122.2.240206";0;0;0;0
"   1.7.61.122.2.240217";0;302698,44;0;-302698,44
"   1.7.61.122.2.240219";0;299868,06;0;-299868,06
"   1.7.61.122.2.240220";0;66212,16;0;-66212,16
"   1.7.61.122.2.240221";0;427012,58;0;-427012,58
"   1.7.61.122.2.240222";0;300000;0;-300000
"   1.7.61.122.2.240223";0;300000;0;-300000
"   1.7.61.122.2.240224";0;283896,36;0;-283896,36
"   1.7.61.122.2.240225";0;450000;0;-450000
"   1.7.61.122.2.240226";0;300000;0;-300000
"   1.7.61.122.2.240227";0;298966,86;0;-298966,86
"   1.7.61.122.2.240228";0;180000;0;-180000
"   1.7.61.122.2.240229";0;300000;0;-300000
"   1.7.61.122.2.240230";0;300000;0;-300000
"   1.7.61.122.2.240231";0;149998,65;0;-149998,65
"   1.7.61.122.2.240232";0;315000;0;-315000
"   1.7.61.122.2.240233";0;269670,72;0;-269670,72
"   1.7.61.122.2.240234";0;299865,72;0;-299865,72
"   1.7.61.122.2.240235";0;72333,6;0;-72333,6
"   1.7.61.122.2.240236";0;228365,93;0;-228365,93
"   1.7.61.122.2.240237";0;450000;0;-450000
"   1.7.61.122.2.240238";0;176547,12;0;-176547,12
"   1.7.61.122.2.240239";0;240569,82;0;-240569,82
"   1.7.61.122.2.240240";0;148108,86;0;-148108,86
"   1.7.61.122.2.240241";0;296328,9;0;-296328,9
"   1.7.61.122.2.240242";0;299394,9;0;-299394,9
"   1.7.61.122.2.240243";0;173575,56;0;-173575,56
"   1.7.61.122.2.240244";0;300000;0;-300000
"   1.7.61.122.2.240245";0;300000;0;-300000
"   1.7.61.122.2.240246";0;299999,76;0;-299999,76
"   1.7.61.122.2.240247";0;282020,76;0;-282020,76
"   1.7.61.122.2.240248";0;393363;0;-393363
"   1.7.61.122.2.240249";0;248797,74;0;-248797,74
"   1.7.61.122.2.240250";0;135000;0;-135000
"   1.7.61.122.2.240251";0;270000;0;-270000
"   1.7.61.122.2.240252";0;179920,02;0;-179920,02
"   1.7.61.122.2.240253";0;199215,6;0;-199215,6
"   1.7.61.122.2.240254";0;111406,68;0;-111406,68
"   1.7.61.122.2.240255";0;270000;0;-270000
"   1.7.61.122.2.240256";0;98696,88;0;-98696,88
"   1.7.61.122.2.240257";0;150000;0;-150000
"   1.7.61.122.2.240258";0;298941,9;0;-298941,9
"   1.7.61.122.2.240259";0;300000;0;-300000
"   1.7.61.122.2.240260";0;137648,34;0;-137648,34
"   1.7.61.122.2.240261";0;300000;0;-300000
"   1.7.61.122.2.240262";0;449782,83;0;-449782,83
"   1.7.61.122.2.240263";0;137207,42;0;-137207,42
"   1.7.61.122.2.240264";0;299980,92;0;-299980,92
"   1.7.61.122.2.240265";0;299389,86;0;-299389,86
"   1.7.61.122.2.240266";0;150000;0;-150000
"   1.7.61.122.2.240267";0;75000;0;-75000
"   1.7.61.122.2.240268";0;164152,02;0;-164152,02
"   1.7.61.122.2.240270";0;282936,69;0;-282936,69
"   1.7.61.122.2.240271";0;292400,4;0;-292400,4
"   1.7.61.122.2.240272";0;300000;0;-300000
"   1.7.61.122.2.240273";0;299452,56;0;-299452,56
"   1.7.61.122.2.240274";0;300000;0;-300000
"   1.7.61.122.2.240275";0;361567,35;0;-361567,35
"   1.7.61.122.2.240276";0;298984,26;0;-298984,26
"   1.7.61.122.2.240277";0;202545,84;0;-202545,84
"   1.7.61.122.2.240278";0;120000;0;-120000
"   1.7.61.122.2.240280";0;300000;0;-300000
"   1.7.61.122.2.240281";0;104589,6;0;-104589,6
"   1.7.61.122.2.240282";0;131883,39;0;-131883,39
"   1.7.61.122.2.240283";0;138000;0;-138000
"   1.7.61.122.2.240284";0;74915,67;0;-74915,67
"   1.7.61.122.2.240286";0;149660,4;0;-149660,4
"   1.7.61.122.2.240287";0;105000;0;-105000
"   1.7.61.122.2.240290";0;150000;0;-150000
"   1.7.61.122.2.250005";0;389136;0;-389136
"   1.7.61.122.2.250025";0;6000000;0;-6000000
"   1.7.61.122.2.250045";0;4839556,97;0;-4839556,97
"   1.7.61.122.2.250068";0;960096,49;0;-960096,49
"   1.7.99.140.0.000000";30764,17;0;0;30764,17
"   1.7.99.240.0.000000";2327268,91;0;352016,93;1975251,98
"   1.7.99.297.0.000000";43257057,82;0;921829,05;42335228,77
"   1.7.99.297.1.000006";79370,93;0;0;79370,93
"   1.7.99.297.1.000008";6603989,12;0;0;6603989,12
"   1.7.99.297.1.000009";6942795,35;0;0;6942795,35
"   1.7.99.297.1.000012";2782076,59;0;0;2782076,59
"   1.7.99.297.1.000013";14510562,1;0;0;14510562,1
"   1.7.99.297.2.007343";200000;0;0;200000
"   1.8.00.234.0.000000";1642924,09;484128,61;1158795,48;0
"   1.8.01.231.0.000000";99002169,42;35979296,35;61515671,37;1507201,7
"   1.8.61.081.0.000000";0;0;0;0
"   1.8.61.081.1.000151";8575781924,8;1268532996,75;0;7307248928,05
"   1.8.62.081.0.000000";4344816312,22;3548686627,72;636938263,87;159191420,63
"   1.8.62.081.1.000001";1614224,64;0;1535639,48;78585,16
"   1.8.62.081.1.000025";2476253346,22;2396089066,39;0;80164279,83
"   1.8.62.081.1.000026";6714,69;0;0;6714,69
"   1.8.62.081.1.000027";1632,05;0;0;1632,05
"   1.8.62.081.1.000029";1678,69;0;0;1678,69
"   1.8.62.081.1.000030";5155,47;0;0;5155,47
"   1.8.62.081.1.000031";1617,11;0;0;1617,11
"   1.8.62.081.1.000032";13491,55;0;0;13491,55
"   1.8.62.081.1.000033";9945,93;0;0;9945,93
"   1.8.62.081.1.000044";14799067,6;14799067,6;0;0
"   1.8.62.081.1.000151";279708773,87;0;0;279708773,87
"   1.8.62.081.1.999999";66033960,54;502672674,47;0;-436638713,93
"   1.8.62.081.3.211032";13316;0;0;13316
"   1.8.69.188.0.000000";139578762,61;92373539,14;0;47205223,47
"   1.8.69.188.1.000004";18447617,5;18447617,5;0;0
"   1.8.69.188.1.000005";186339,57;186339,57;0;0
"   1.8.69.188.1.000026";6037362513,97;6025527837,15;0;11834676,82
"   1.8.69.188.1.000027";1509340565,14;1506381717,79;0;2958847,35
"   1.8.69.188.1.000029";1509340387,48;1506381717,83;0;2958669,65
"   1.8.69.188.1.000030";19876239827,63;19669461561,96;0;206778265,67
"   1.8.69.188.1.000031";6591549499,77;6556483248,13;0;35066251,64
"   1.8.69.188.1.000032";890697517,31;889804916,93;0;892600,38
"   1.8.69.188.1.000033";26366485202,08;26254917865,47;0;111567336,61
"   1.8.69.188.1.000034";3458236590,44;3437542538,05;0;20694052,39
"   1.8.69.188.1.000035";546344999,97;546344999,97;0;0
"   1.8.69.188.1.000036";182114999,98;182114999,98;0;0
"   1.8.69.188.1.000037";728459999,99;728459999,99;0;0
"   1.8.69.188.2.000000";1499369,06;0;0;1499369,06
"   1.8.69.188.2.000001";809929279,48;792465093,74;0;17464185,74
"   1.8.69.188.2.000002";8146169,74;8146168,78;0;0,96
"   1.8.69.188.2.000003";203654232,13;203654231,26;0;0,87
"   1.8.69.188.2.000004";49460,68;1548829,74;0;-1499369,06
"   1.8.69.188.2.000006";4336679869,72;4336679869,72;0;0
"   1.8.69.188.2.000007";43734645,2;43734645,2;0;0
"   1.8.98.085.0.000000";-176911598,22;4464009,6;695757,04;-182071364,86
"   1.8.98.100.0.000000";13823,55;0;0;13823,55
"   1.8.98.189.0.000000";2,68;0;0;2,68
"   1.8.99.218.0.000000";61104385,47;0;368,2;61104017,27
"   1.8.99.218.2.003623";8380687,47;0;0;8380687,47
"   1.8.99.223.0.000000";8324871831,66;6939522335,3;1364794349,07;20555147,29
"   1.8.99.223.2.170075";6975337,12;2787326,91;3878307,22;309702,99
"   1.8.99.223.2.240138";4540714,69;4183178,1;0;357536,59
"   1.9.99.192.0.000000";2538363910,11;54,32;2513807116,21;24556739,58
"   1.9.99.196.0.000000";1988141486,56;15887,99;1986703178,19;1422420,38
"   1.9.99.212.0.000000";5002071,83;0;323110,99;4678960,84
"   1.9.99.212.2.003397";1063,07;0;0;1063,07
"   1.9.99.212.2.003531";1263115,84;0;0;1263115,84
"   1.9.99.212.2.003673";801153,51;0;0;801153,51
"   1.9.99.212.2.004195";361741,65;0;0;361741,65
"   1.9.99.212.2.004328";3936538,49;0;0;3936538,49
"   1.9.99.212.2.006227";332435,77;0;0;332435,77
"   1.9.99.212.2.006500";22,05;0;0;22,05
"   1.9.99.212.2.006623";0;0;8360,86;-8360,86
"   1.9.99.212.2.006711";15573,32;0;0;15573,32
"   1.9.99.212.2.006830";7698,3;0;0;7698,3
"   1.9.99.212.2.006934";1557,5;0;0;1557,5
"   1.9.99.212.2.007281";1607,98;0;0;1607,98
"   1.9.99.212.2.007285";4997,95;0;0;4997,95
"   1.9.99.212.2.007308";5762,95;0;0;5762,95
"   1.9.99.212.2.007343";697,45;0;0;697,45
"   1.9.99.212.2.007348";120;0;120;0
"   1.9.99.212.2.007486";7855,84;0;0;7855,84
"   1.9.99.212.2.007755";1675,28;0;0;1675,28
"   1.9.99.212.2.007896";490161,02;0;0;490161,02
"   1.9.99.212.2.007958";10635,43;0;0;10635,43
"   1.9.99.212.2.008015";7472271,44;0;0;7472271,44
"   1.9.99.212.2.160015";8000;0;0;8000
"   1.9.99.212.2.160016";1999618,91;0;0;1999618,91
"   1.9.99.212.2.160177";1546,6;0;0;1546,6
"   1.9.99.212.2.170090";88,5;0;0;88,5
"   1.9.99.212.2.180026";3820,91;0;3820,91;0
"   1.9.99.212.2.210085";1996,07;0;0;1996,07
"   1.9.99.212.2.210086";2468,11;0;0;2468,11
"   1.9.99.212.2.210087";5500,83;0;0;5500,83
"   1.9.99.212.2.210158";15321,96;0;0;15321,96
"   1.9.99.224.0.000000";0;0;2213,32;-2213,32
"   1.9.99.224.1.000034";419232,4;0;0;419232,4
"   1.9.99.230.0.000000";2568969066,25;35754106,03;2309275095,55;223939864,67
"   1.9.99.230.1.000001";3166456,73;0;3099328,85;67127,88
"   1.9.99.230.1.000002";63358888,72;0;59337668,2;4021220,52
"   1.9.99.230.1.000003";1188067,99;0;938169,41;249898,58
"   1.9.99.230.1.000004";5116577,39;0;4920821,01;195756,38
"   1.9.99.230.1.000005";29570682,16;0;28497732,5;1072949,66
"   1.9.99.230.1.000006";9319996,59;0;8944391,15;375605,44
"   1.9.99.230.1.000007";4310736,3;0;4231366,19;79370,11
"   1.9.99.230.1.000008";9286183,56;0;8946085,17;340098,39
"   1.9.99.230.1.000009";1177343,79;0;1093056,04;84287,75
"   1.9.99.230.1.000010";357545,45;0;343306,65;14238,8
"   1.9.99.230.1.000011";96014221,23;2782946,36;93077799,5;153475,37
"   1.9.99.230.1.000014";2500701,5;0;1939327,63;561373,87
"   1.9.99.230.1.000016";1536261,05;0;1536261,05;0
"   1.9.99.230.1.000017";5397099,14;0;5397099,14;0
"   1.9.99.230.1.000019";2306373,32;0;2306373,32;0
"   1.9.99.230.1.000020";23399183,66;464024,9;22836236,76;98922
"   1.9.99.230.1.000021";250989358,66;2046709,74;236790991,2;12151657,72
"   1.9.99.230.1.000022";399442608,81;16686770,75;382032144,88;723693,18
"   1.9.99.230.1.000031";2210291,42;0;2209858,66;432,76
"   1.9.99.230.1.000033";1525592,51;1522969,15;0;2623,36
"   1.9.99.230.1.000035";2942659,69;0;2942082,7;576,99
"   1.9.99.230.1.000036";350528,05;0;335734,9;14793,15
"   1.9.99.230.1.000040";373190,41;0;373116,68;73,73
"   1.9.99.230.1.000041";1005218,72;0;1005021,97;196,75
"   1.9.99.230.1.000042";2679457,31;0;1898391,31;781066
"   1.9.99.230.1.000043";1405299,12;0;1388498,82;16800,3
"   1.9.99.230.1.000052";2585862,63;0;2585862,63;0
"   1.9.99.230.1.196100";3767,07;0;0;3767,07
"   1.9.99.230.2.004867";49990,92;0;0;49990,92
"   1.9.99.230.2.004966";1289,77;0;0;1289,77
"   1.9.99.230.2.005693";116299,76;0;0;116299,76
"   1.9.99.230.2.005699";580728,28;0;0;580728,28
"   1.9.99.230.2.006324";583426,47;0;0;583426,47
"   1.9.99.230.2.006860";139454,4;0;0;139454,4
"   1.9.99.230.2.007039";59273,02;0;59273,02;0
"   1.9.99.230.2.007381";74226,08;0;0;74226,08
"   1.9.99.230.2.007392";150000;0;150000;0
"   1.9.99.230.2.007424";140624,5;0;140624;0,5
"   1.9.99.230.2.007425";59001;0;59001;0
"   1.9.99.230.2.007776";1170720;0;1170720;0
"   1.9.99.230.2.160122";26600;0;26600;0
"   1.9.99.230.2.160210";282382,5;0;282382,5;0
"   1.9.99.230.2.160225";138492,61;0;138492,61;0
"   1.9.99.230.2.180009";153988,37;0;153988,37;0
"   1.9.99.232.0.000000";3833936223,38;4346593,8;3784728484,47;44861145,11
"   1.9.99.232.1.000002";1560614008,94;34557853,19;1520095600,64;5960555,11
"   1.9.99.232.1.000003";838744341,88;47925374,96;790471252,47;347714,45
"   1.9.99.232.1.000016";79681,78;0;0;79681,78
"   1.9.99.232.1.000017";4968907,35;0;512256,09;4456651,26
"   1.9.99.233.0.000000";3645362,08;0;48052,5;3597309,58
"   1.9.99.233.0.000100";9282458,33;0;0;9282458,33
"   1.9.99.233.1.000100";248900;0;0;248900
"   2.5.00.100.0.000000";-1063,8;6612588,11;0;-6613651,91
"   2.5.00.100.2.007855";879,68;0;0;879,68
"   2.5.00.107.0.000000";3,45;0;0;3,45
"   2.5.01.101.0.000000";393224125,06;393224124,46;0;0,6
"   2.5.01.106.0.000000";4128105115,74;2590816438,38;0;1537288677,36
"   2.5.01.120.0.000000";0;100;0;-100
"   2.5.01.120.1.018010";0;9166133,09;0;-9166133,09
"   2.5.01.120.1.026110";184409223,56;1908580;0;182500643,56
"   2.5.01.120.1.180100";0;534057,97;0;-534057,97
"   2.5.01.120.1.261100";0;88417705,1;0;-88417705,1
"   2.5.01.145.0.000000";3564336188,99;2153542937,34;0;1410793251,65
"   2.5.01.145.1.007526";444420,52;1366930418,06;290119,17;-1366776116,71
"   2.5.01.145.1.047928";0;2829158,29;0;-2829158,29
"   2.5.01.145.2.210021";0;3166377,97;0;-3166377,97
"   2.5.01.145.2.210041";0;4718590,23;0;-4718590,23
"   2.5.01.145.2.210045";0;8565168,16;0;-8565168,16
"   2.5.01.145.2.210046";0;3920355,2;0;-3920355,2
"   2.5.01.145.2.210052";0;2146785,78;0;-2146785,78
"   2.5.01.145.2.210055";0;2225972,28;0;-2225972,28
"   2.5.01.145.2.210056";0;135760,86;0;-135760,86
"   2.5.01.145.2.210063";0;66308,7;0;-66308,7
"   2.5.01.145.2.210064";0;159270,81;0;-159270,81
"   2.5.01.145.2.210065";0;97117,98;0;-97117,98
"   2.5.01.145.2.210066";0;131393,39;0;-131393,39
"   2.5.01.145.2.210067";0;86024,32;0;-86024,32
"   2.5.01.145.2.210068";0;123803,12;0;-123803,12
"   2.5.01.145.2.210069";0;98000;0;-98000
"   2.5.01.145.2.210071";0;3024097,11;0;-3024097,11
"   2.5.01.145.2.210072";0;917185,41;0;-917185,41
"   2.5.01.145.2.210074";0;13619395,4;0;-13619395,4
"   2.5.01.145.2.210097";0;198541,56;0;-198541,56
"   2.5.01.145.2.210098";0;162646,88;0;-162646,88
"   2.5.01.145.2.210099";0;282600,99;0;-282600,99
"   2.5.01.145.2.210114";0;511569,27;0;-511569,27
"   2.5.01.145.2.210116";0;142702,98;0;-142702,98
"   2.5.01.145.2.210119";0;530036,17;0;-530036,17
"   2.5.01.145.2.210121";0;333841,23;0;-333841,23
"   2.5.01.145.2.210122";0;114426,78;0;-114426,78
"   2.5.01.145.2.210123";0;38816,19;0;-38816,19
"   2.5.01.145.2.210124";0;1105055,52;0;-1105055,52
"   2.5.01.145.2.210125";0;41174,42;0;-41174,42
"   2.5.01.145.2.210126";0;69837,51;0;-69837,51
"   2.5.01.145.2.210128";0;7070925,72;0;-7070925,72
"   2.5.01.145.2.210170";0;1300059,87;0;-1300059,87
"   2.5.01.145.2.220015";0;2800719;0;-2800719
"   2.5.01.145.2.230020";0;900000;0;-900000
"   2.5.01.230.0.000000";158381094,67;109156973,23;48917586,23;306535,21
"   2.5.01.230.1.000006";365,05;365,05;0;0
"   2.5.01.230.1.000008";0,43;0,43;0;0
"   2.5.01.230.1.000014";533119,1;533119,1;0;0
"   2.5.01.230.1.000021";7284337,24;7280290,15;0,24;4046,85
"   2.5.01.230.1.000022";35333596,74;34520158,77;813437,14;0,83
"   2.5.01.230.1.000036";368618,59;368618,59;0;0
"   2.5.01.230.1.000043";9141669,6;9141669,6;0;0
"   2.5.02.129.0.000000";401378994,07;202453937,71;0;198925056,36
"   2.6.60.224.1.000028";928,9;0;928,9;0
"   2.7.49.224.1.000015";67926,93;60503,73;0;7423,2
"   2.7.52.230.0.000000";13717362,22;13710130,64;6510,38;721,2
"   2.7.53.232.0.000000";1211097,71;0;1211097,71;0
"   2.7.53.232.1.000002";67685497,53;67572769,6;0;112727,93
"   2.7.53.232.1.000003";2418165,05;2417796,94;0;368,11
"   2.7.56.233.0.000000";361727;0;361727;0
"   2.7.59.103.0.000000";107341892,06;106118547,54;0;1223344,52
"   2.7.59.103.1.047928";23645448,75;23645448,75;0;0
"   2.7.59.152.0.000000";12447,52;12447,52;0;0
"   2.7.59.152.2.007289";5742,67;0;5742,67;0
"   2.8.62.081.0.000000";447679,07;29832,95;163949,65;253896,47
"   2.8.69.188.0.000000";331998,15;484166,73;0;-152168,58
"   2.8.98.085.0.000000";-362415,04;0;-510369,55;147954,51
"   2.8.99.223.0.000000";56003515,94;55987988,94;15527;0
